Workbook

Sheet Read Me
A1: English 9 Pacing Calendar, 2026-27 (Purple and Gold days)
A2: Menchville High School. Lessons come from the English 9 Unit 1-7 instructional views. Day types come from the MHS Purple-Gold calendar; assessment windows come from the NNPS High School Testing Calendar.
A4: Tabs
A5: Year at a Glance: month grids colored like the Purple-Gold calendar. Each school day shows the lesson or assessment for the classes that meet that day. It fills itself from the Purple and Gold tabs, so do not type in it.
A6: Purple / Gold: one row per class meeting. The Lesson ID column (yellow) is the only column you need to edit. Unit, lesson, focus and standards fill in from the Lesson Bank.
A7: Lesson Bank: every lesson from the unit documents, plus the assessments and a Flex day. Add a row here to create a new lesson ID.
A8: Assessments: where each midquarter, benchmark and LPA landed for each track, inside its testing window. Its yellow Exam table (columns H and I) lists midyear exams, final exams and SOL test dates; each one is printed on its day in Year at a Glance.
A10: How to edit
A11: Change one day: click its Lesson ID cell and pick another ID from the dropdown.
A12: Push lessons back a day (snow day, assembly): on the Purple or Gold tab, select the Lesson ID cells from that day to the end of the list, cut (Ctrl+X), click the cell one row down and paste (Ctrl+V). Type FLEX or a new ID in the empty cell. Move any assessment rows back to their dates afterward.
A13: Add your own notes in the My notes column; it is not linked to anything.
A15: Colors
... A21: Purple ends with one Flex day because Purple has one fewer assessment on a regular day.

Sheet Year at a Glance
A1: English 9 Purple-Gold Pacing Calendar, August 2026 to June 2027
A2: Purple day | D2: Gold day | G2: Exam day | J2: Half day | M2: No school
A3: Each cell shows the date and the lesson for the classes that meet that day. Edit lessons on the Purple and Gold tabs.
A5: August 2026 | I5: September 2026 | Q5: October 2026
A6: S | B6: M | C6: T | D6: W | E6: T | F6: F | G6: S | I6: S | J6: M | K6: T | L6: W | M6: T | N6: F | O6: S | Q6: S | R6: M | S6: T | T6: W | U6: T | V6: F | W6: S
G7: 1 | K7: ="1"&CHAR(10)&IFERROR(VLOOKUP(DATE(2026,9,1),Purple!$A:$J,10,FALSE),"")&IFERROR(CHAR(10)&VLOOKUP(DATE(2026,9,1),Assessments!$H:$I,2,FALSE),"") | L7: ="2"&CHAR(10)&IFERROR(VLOOKUP(DATE(2026,9,2),Gold!$A:$J,10,FALSE),"")&IFERROR(CHAR(10)&VLOOKUP(DATE(2026,9,2),Assessments!$H:$I,2,FALSE),"") | M7: ="3"&CHAR(10)&IFERROR(VLOOKUP(DATE(2026,9,3),Purple!$A:$J,10,FALSE),"")&IFERROR(CHAR(10)&VLOOKUP(DATE(2026,9,3),Assessments!$H:$I,2,FALSE),"") | N7: 4 | O7: 5 | U7: ="1"&CHAR(10)&IFERROR(VLOOKUP(DATE(2026,10,1),Purple!$A:$J,10,FALSE),"")&IFERROR(CHAR(10)&VLOOKUP(DATE(2026,10,1),Assessments!$H:$I,2,FALSE),"") | V7: ="2"&CHAR(10)&IFERROR(VLOOKUP(DATE(2026,10,2),Gold!$A:$J,10,FALSE),"")&IFERROR(CHAR(10)&VLOOKUP(DATE(2026,10,2),Assessments!$H:$I,2,FALSE),"") | W7: 3
A8: 2 | B8: 3 | C8: 4 | D8: 5 | E8: 6 | F8: 7 | G8: 8 | I8: 6 | J8: 7 | K8: ="8"&CHAR(10)&IFERROR(VLOOKUP(DATE(2026,9,8),Gold!$A:$J,10,FALSE),"")&IFERROR(CHAR(10)&VLOOKUP(DATE(2026,9,8),Assessments!$H:$I,2,FALSE),"") | L8: ="9"&CHAR(10)&IFERROR(VLOOKUP(DATE(2026,9,9),Purple!$A:$J,10,FALSE),"")&IFERROR(CHAR(10)&VLOOKUP(DATE(2026,9,9),Assessments!$H:$I,2,FALSE),"") | M8: ="10"&CHAR(10)&IFERROR(VLOOKUP(DATE(2026,9,10),Gold!$A:$J,10,FALSE),"")&IFERROR(CHAR(10)&VLOOKUP(DATE(2026,9,10),Assessments!$H:$I,2,FALSE),"") | N8: ="11"&CHAR(10)&IFERROR(VLOOKUP(DATE(2026,9,11),Purple!$A:$J,10,FALSE),"")&IFERROR(CHAR(10)&VLOOKUP(DATE(2026,9,11),Assessments!$H:$I,2,FALSE),"") | O8: 12 | Q8: 4 | R8: ="5"&CHAR(10)&IFERROR(VLOOKUP(DATE(2026,10,5),Purple!$A:$J,10,FALSE),"")&IFERROR(CHAR(10)&VLOOKUP(DATE(2026,10,5),Assessments!$H:$I,2,FALSE),"") | S8: ="6"&CHAR(10)&IFERROR(VLOOKUP(DATE(2026,10,6),Gold!$A:$J,10,FALSE),"")&IFERROR(CHAR(10)&VLOOKUP(DATE(2026,10,6),Assessments!$H:$I,2,FALSE),"") | T8: ="7"&CHAR(10)&IFERROR(VLOOKUP(DATE(2026,10,7),Purple!$A:$J,10,FALSE),"")&IFERROR(CHAR(10)&VLOOKUP(DATE(2026,10,7),Assessments!$H:$I,2,FALSE),"") | U8: ="8"&CHAR(10)&IFERROR(VLOOKUP(DATE(2026,10,8),Gold!$A:$J,10,FALSE),"")&IFERROR(CHAR(10)&VLOOKUP(DATE(2026,10,8),Assessments!$H:$I,2,FALSE),"") | V8: ="9"&CHAR(10)&IFERROR(VLOOKUP(DATE(2026,10,9),Purple!$A:$J,10,FALSE),"")&IFERROR(CHAR(10)&VLOOKUP(DATE(2026,10,9),Assessments!$H:$I,2,FALSE),"") | W8: 10
A9: 9 | B9: 10 | C9: 11 | D9: 12 | E9: 13 | F9: 14 | G9: 15 | I9: 13 | J9: ="14"&CHAR(10)&IFERROR(VLOOKUP(DATE(2026,9,14),Gold!$A:$J,10,FALSE),"")&IFERROR(CHAR(10)&VLOOKUP(DATE(2026,9,14),Assessments!$H:$I,2,FALSE),"") | K9: ="15"&CHAR(10)&IFERROR(VLOOKUP(DATE(2026,9,15),Purple!$A:$J,10,FALSE),"")&IFERROR(CHAR(10)&VLOOKUP(DATE(2026,9,15),Assessments!$H:$I,2,FALSE),"") | L9: ="16"&CHAR(10)&IFERROR(VLOOKUP(DATE(2026,9,16),Gold!$A:$J,10,FALSE),"")&IFERROR(CHAR(10)&VLOOKUP(DATE(2026,9,16),Assessments!$H:$I,2,FALSE),"") | M9: ="17"&CHAR(10)&IFERROR(VLOOKUP(DATE(2026,9,17),Purple!$A:$J,10,FALSE),"")&IFERROR(CHAR(10)&VLOOKUP(DATE(2026,9,17),Assessments!$H:$I,2,FALSE),"") | N9: ="18"&CHAR(10)&IFERROR(VLOOKUP(DATE(2026,9,18),Gold!$A:$J,10,FALSE),"")&IFERROR(CHAR(10)&VLOOKUP(DATE(2026,9,18),Assessments!$H:$I,2,FALSE),"") | O9: 19 | Q9: 11 | R9: ="12"&CHAR(10)&IFERROR(VLOOKUP(DATE(2026,10,12),Gold!$A:$J,10,FALSE),"")&IFERROR(CHAR(10)&VLOOKUP(DATE(2026,10,12),Assessments!$H:$I,2,FALSE),"") | S9: ="13"&CHAR(10)&IFERROR(VLOOKUP(DATE(2026,10,13),Purple!$A:$J,10,FALSE),"")&IFERROR(CHAR(10)&VLOOKUP(DATE(2026,10,13),Assessments!$H:$I,2,FALSE),"") | T9: ="14"&CHAR(10)&IFERROR(VLOOKUP(DATE(2026,10,14),Gold!$A:$J,10,FALSE),"")&IFERROR(CHAR(10)&VLOOKUP(DATE(2026,10,14),Assessments!$H:$I,2,FALSE),"") | U9: ="15"&CHAR(10)&IFERROR(VLOOKUP(DATE(2026,10,15),Purple!$A:$J,10,FALSE),"")&IFERROR(CHAR(10)&VLOOKUP(DATE(2026,10,15),Assessments!$H:$I,2,FALSE),"") | V9: 16 | W9: 17
A10: 16 | B10: 17 | C10: 18 | D10: 19 | E10: 20 | F10: 21 | G10: 22 | I10: 20 | J10: ="21"&CHAR(10)&IFERROR(VLOOKUP(DATE(2026,9,21),Purple!$A:$J,10,FALSE),"")&IFERROR(CHAR(10)&VLOOKUP(DATE(2026,9,21),Assessments!$H:$I,2,FALSE),"") | K10: ="22"&CHAR(10)&IFERROR(VLOOKUP(DATE(2026,9,22),Gold!$A:$J,10,FALSE),"")&IFERROR(CHAR(10)&VLOOKUP(DATE(2026,9,22),Assessments!$H:$I,2,FALSE),"") | L10: ="23"&CHAR(10)&IFERROR(VLOOKUP(DATE(2026,9,23),Purple!$A:$J,10,FALSE),"")&IFERROR(CHAR(10)&VLOOKUP(DATE(2026,9,23),Assessments!$H:$I,2,FALSE),"") | M10: ="24"&CHAR(10)&IFERROR(VLOOKUP(DATE(2026,9,24),Gold!$A:$J,10,FALSE),"")&IFERROR(CHAR(10)&VLOOKUP(DATE(2026,9,24),Assessments!$H:$I,2,FALSE),"") | N10: ="25"&CHAR(10)&IFERROR(VLOOKUP(DATE(2026,9,25),Purple!$A:$J,10,FALSE),"")&IFERROR(CHAR(10)&VLOOKUP(DATE(2026,9,25),Assessments!$H:$I,2,FALSE),"") | O10: 26 | Q10: 18 | R10: ="19"&CHAR(10)&IFERROR(VLOOKUP(DATE(2026,10,19),Gold!$A:$J,10,FALSE),"")&IFERROR(CHAR(10)&VLOOKUP(DATE(2026,10,19),Assessments!$H:$I,2,FALSE),"") | S10: ="20"&CHAR(10)&IFERROR(VLOOKUP(DATE(2026,10,20),Purple!$A:$J,10,FALSE),"")&IFERROR(CHAR(10)&VLOOKUP(DATE(2026,10,20),Assessments!$H:$I,2,FALSE),"") | T10: ="21"&CHAR(10)&IFERROR(VLOOKUP(DATE(2026,10,21),Gold!$A:$J,10,FALSE),"")&IFERROR(CHAR(10)&VLOOKUP(DATE(2026,10,21),Assessments!$H:$I,2,FALSE),"") | U10: ="22"&CHAR(10)&IFERROR(VLOOKUP(DATE(2026,10,22),Purple!$A:$J,10,FALSE),"")&IFERROR(CHAR(10)&VLOOKUP(DATE(2026,10,22),Assessments!$H:$I,2,FALSE),"") | V10: ="23"&CHAR(10)&IFERROR(VLOOKUP(DATE(2026,10,23),Gold!$A:$J,10,FALSE),"")&IFERROR(CHAR(10)&VLOOKUP(DATE(2026,10,23),Assessments!$H:$I,2,FALSE),"") | W10: 24
A11: 23 | B11: ="24"&CHAR(10)&IFERROR(VLOOKUP(DATE(2026,8,24),Purple!$A:$J,10,FALSE),"")&IFERROR(CHAR(10)&VLOOKUP(DATE(2026,8,24),Assessments!$H:$I,2,FALSE),"") | C11: ="25"&CHAR(10)&IFERROR(VLOOKUP(DATE(2026,8,25),Gold!$A:$J,10,FALSE),"")&IFERROR(CHAR(10)&VLOOKUP(DATE(2026,8,25),Assessments!$H:$I,2,FALSE),"") | D11: ="26"&CHAR(10)&IFERROR(VLOOKUP(DATE(2026,8,26),Purple!$A:$J,10,FALSE),"")&IFERROR(CHAR(10)&VLOOKUP(DATE(2026,8,26),Assessments!$H:$I,2,FALSE),"") | E11: ="27"&CHAR(10)&IFERROR(VLOOKUP(DATE(2026,8,27),Gold!$A:$J,10,FALSE),"")&IFERROR(CHAR(10)&VLOOKUP(DATE(2026,8,27),Assessments!$H:$I,2,FALSE),"") | F11: ="28"&CHAR(10)&IFERROR(VLOOKUP(DATE(2026,8,28),Purple!$A:$J,10,FALSE),"")&IFERROR(CHAR(10)&VLOOKUP(DATE(2026,8,28),Assessments!$H:$I,2,FALSE),"") | G11: 29 | I11: 27 | J11: ="28"&CHAR(10)&IFERROR(VLOOKUP(DATE(2026,9,28),Gold!$A:$J,10,FALSE),"")&IFERROR(CHAR(10)&VLOOKUP(DATE(2026,9,28),Assessments!$H:$I,2,FALSE),"") | K11: ="29"&CHAR(10)&IFERROR(VLOOKUP(DATE(2026,9,29),Purple!$A:$J,10,FALSE),"")&IFERROR(CHAR(10)&VLOOKUP(DATE(2026,9,29),Assessments!$H:$I,2,FALSE),"") | L11: ="30"&CHAR(10)&IFERROR(VLOOKUP(DATE(2026,9,30),Gold!$A:$J,10,FALSE),"")&IFERROR(CHAR(10)&VLOOKUP(DATE(2026,9,30),Assessments!$H:$I,2,FALSE),"") | Q11: 25 | R11: ="26"&CHAR(10)&IFERROR(VLOOKUP(DATE(2026,10,26),Purple!$A:$J,10,FALSE),"")&IFERROR(CHAR(10)&VLOOKUP(DATE(2026,10,26),Assessments!$H:$I,2,FALSE),"") | S11: ="27"&CHAR(10)&IFERROR(VLOOKUP(DATE(2026,10,27),Gold!$A:$J,10,FALSE),"")&IFERROR(CHAR(10)&VLOOKUP(DATE(2026,10,27),Assessments!$H:$I,2,FALSE),"") | T11: ="28"&CHAR(10)&IFERROR(VLOOKUP(DATE(2026,10,28),Purple!$A:$J,10,FALSE),"")&IFERROR(CHAR(10)&VLOOKUP(DATE(2026,10,28),Assessments!$H:$I,2,FALSE),"") | U11: ="29"&CHAR(10)&IFERROR(VLOOKUP(DATE(2026,10,29),Gold!$A:$J,10,FALSE),"")&IFERROR(CHAR(10)&VLOOKUP(DATE(2026,10,29),Assessments!$H:$I,2,FALSE),"") | V11: ="30"&CHAR(10)&IFERROR(VLOOKUP(DATE(2026,10,30),Purple!$A:$J,10,FALSE),"")&IFERROR(CHAR(10)&VLOOKUP(DATE(2026,10,30),Assessments!$H:$I,2,FALSE),"") | W11: 31
A12: 30 | B12: ="31"&CHAR(10)&IFERROR(VLOOKUP(DATE(2026,8,31),Gold!$A:$J,10,FALSE),"")&IFERROR(CHAR(10)&VLOOKUP(DATE(2026,8,31),Assessments!$H:$I,2,FALSE),"")
A14: November 2026 | I14: December 2026 | Q14: January 2027
A15: S | B15: M | C15: T | D15: W | E15: T | F15: F | G15: S | I15: S | J15: M | K15: T | L15: W | M15: T | N15: F | O15: S | Q15: S | R15: M | S15: T | T15: W | U15: T | V15: F | W15: S
A16: 1 | B16: ="2"&CHAR(10)&IFERROR(VLOOKUP(DATE(2026,11,2),Gold!$A:$J,10,FALSE),"")&IFERROR(CHAR(10)&VLOOKUP(DATE(2026,11,2),Assessments!$H:$I,2,FALSE),"") | C16: 3 | D16: ="4"&CHAR(10)&IFERROR(VLOOKUP(DATE(2026,11,4),Purple!$A:$J,10,FALSE),"")&IFERROR(CHAR(10)&VLOOKUP(DATE(2026,11,4),Assessments!$H:$I,2,FALSE),"") | E16: ="5"&CHAR(10)&IFERROR(VLOOKUP(DATE(2026,11,5),Gold!$A:$J,10,FALSE),"")&IFERROR(CHAR(10)&VLOOKUP(DATE(2026,11,5),Assessments!$H:$I,2,FALSE),"") | F16: ="6"&CHAR(10)&IFERROR(VLOOKUP(DATE(2026,11,6),Purple!$A:$J,10,FALSE),"")&IFERROR(CHAR(10)&VLOOKUP(DATE(2026,11,6),Assessments!$H:$I,2,FALSE),"") | G16: 7 | K16: ="1"&CHAR(10)&IFERROR(VLOOKUP(DATE(2026,12,1),Purple!$A:$J,10,FALSE),"")&IFERROR(CHAR(10)&VLOOKUP(DATE(2026,12,1),Assessments!$H:$I,2,FALSE),"") | L16: ="2"&CHAR(10)&IFERROR(VLOOKUP(DATE(2026,12,2),Gold!$A:$J,10,FALSE),"")&IFERROR(CHAR(10)&VLOOKUP(DATE(2026,12,2),Assessments!$H:$I,2,FALSE),"") | M16: ="3"&CHAR(10)&IFERROR(VLOOKUP(DATE(2026,12,3),Purple!$A:$J,10,FALSE),"")&IFERROR(CHAR(10)&VLOOKUP(DATE(2026,12,3),Assessments!$H:$I,2,FALSE),"") | N16: ="4"&CHAR(10)&IFERROR(VLOOKUP(DATE(2026,12,4),Gold!$A:$J,10,FALSE),"")&IFERROR(CHAR(10)&VLOOKUP(DATE(2026,12,4),Assessments!$H:$I,2,FALSE),"") | O16: 5 | V16: 1 | W16: 2
A17: 8 | B17: ="9"&CHAR(10)&IFERROR(VLOOKUP(DATE(2026,11,9),Gold!$A:$J,10,FALSE),"")&IFERROR(CHAR(10)&VLOOKUP(DATE(2026,11,9),Assessments!$H:$I,2,FALSE),"") | C17: ="10"&CHAR(10)&IFERROR(VLOOKUP(DATE(2026,11,10),Purple!$A:$J,10,FALSE),"")&IFERROR(CHAR(10)&VLOOKUP(DATE(2026,11,10),Assessments!$H:$I,2,FALSE),"") | D17: ="11"&CHAR(10)&IFERROR(VLOOKUP(DATE(2026,11,11),Gold!$A:$J,10,FALSE),"")&IFERROR(CHAR(10)&VLOOKUP(DATE(2026,11,11),Assessments!$H:$I,2,FALSE),"") | E17: ="12"&CHAR(10)&IFERROR(VLOOKUP(DATE(2026,11,12),Purple!$A:$J,10,FALSE),"")&IFERROR(CHAR(10)&VLOOKUP(DATE(2026,11,12),Assessments!$H:$I,2,FALSE),"") | F17: ="13"&CHAR(10)&IFERROR(VLOOKUP(DATE(2026,11,13),Gold!$A:$J,10,FALSE),"")&IFERROR(CHAR(10)&VLOOKUP(DATE(2026,11,13),Assessments!$H:$I,2,FALSE),"") | G17: 14 | I17: 6 | J17: ="7"&CHAR(10)&IFERROR(VLOOKUP(DATE(2026,12,7),Purple!$A:$J,10,FALSE),"")&IFERROR(CHAR(10)&VLOOKUP(DATE(2026,12,7),Assessments!$H:$I,2,FALSE),"") | K17: ="8"&CHAR(10)&IFERROR(VLOOKUP(DATE(2026,12,8),Gold!$A:$J,10,FALSE),"")&IFERROR(CHAR(10)&VLOOKUP(DATE(2026,12,8),Assessments!$H:$I,2,FALSE),"") | L17: ="9"&CHAR(10)&IFERROR(VLOOKUP(DATE(2026,12,9),Purple!$A:$J,10,FALSE),"")&IFERROR(CHAR(10)&VLOOKUP(DATE(2026,12,9),Assessments!$H:$I,2,FALSE),"") | M17: ="10"&CHAR(10)&IFERROR(VLOOKUP(DATE(2026,12,10),Gold!$A:$J,10,FALSE),"")&IFERROR(CHAR(10)&VLOOKUP(DATE(2026,12,10),Assessments!$H:$I,2,FALSE),"") | N17: ="11"&CHAR(10)&IFERROR(VLOOKUP(DATE(2026,12,11),Purple!$A:$J,10,FALSE),"")&IFERROR(CHAR(10)&VLOOKUP(DATE(2026,12,11),Assessments!$H:$I,2,FALSE),"") | O17: 12 | Q17: 3 | R17: 4 | S17: ="5"&CHAR(10)&IFERROR(VLOOKUP(DATE(2027,1,5),Purple!$A:$J,10,FALSE),"")&IFERROR(CHAR(10)&VLOOKUP(DATE(2027,1,5),Assessments!$H:$I,2,FALSE),"") | T17: ="6"&CHAR(10)&IFERROR(VLOOKUP(DATE(2027,1,6),Gold!$A:$J,10,FALSE),"")&IFERROR(CHAR(10)&VLOOKUP(DATE(2027,1,6),Assessments!$H:$I,2,FALSE),"") | U17: ="7"&CHAR(10)&IFERROR(VLOOKUP(DATE(2027,1,7),Purple!$A:$J,10,FALSE),"")&IFERROR(CHAR(10)&VLOOKUP(DATE(2027,1,7),Assessments!$H:$I,2,FALSE),"") | V17: ="8"&CHAR(10)&IFERROR(VLOOKUP(DATE(2027,1,8),Gold!$A:$J,10,FALSE),"")&IFERROR(CHAR(10)&VLOOKUP(DATE(2027,1,8),Assessments!$H:$I,2,FALSE),"") | W17: 9
A18: 15 | B18: ="16"&CHAR(10)&IFERROR(VLOOKUP(DATE(2026,11,16),Purple!$A:$J,10,FALSE),"")&IFERROR(CHAR(10)&VLOOKUP(DATE(2026,11,16),Assessments!$H:$I,2,FALSE),"") | C18: ="17"&CHAR(10)&IFERROR(VLOOKUP(DATE(2026,11,17),Gold!$A:$J,10,FALSE),"")&IFERROR(CHAR(10)&VLOOKUP(DATE(2026,11,17),Assessments!$H:$I,2,FALSE),"") | D18: ="18"&CHAR(10)&IFERROR(VLOOKUP(DATE(2026,11,18),Purple!$A:$J,10,FALSE),"")&IFERROR(CHAR(10)&VLOOKUP(DATE(2026,11,18),Assessments!$H:$I,2,FALSE),"") | E18: ="19"&CHAR(10)&IFERROR(VLOOKUP(DATE(2026,11,19),Gold!$A:$J,10,FALSE),"")&IFERROR(CHAR(10)&VLOOKUP(DATE(2026,11,19),Assessments!$H:$I,2,FALSE),"") | F18: ="20"&CHAR(10)&IFERROR(VLOOKUP(DATE(2026,11,20),Purple!$A:$J,10,FALSE),"")&IFERROR(CHAR(10)&VLOOKUP(DATE(2026,11,20),Assessments!$H:$I,2,FALSE),"") | G18: 21 | I18: 13 | J18: ="14"&CHAR(10)&IFERROR(VLOOKUP(DATE(2026,12,14),Gold!$A:$J,10,FALSE),"")&IFERROR(CHAR(10)&VLOOKUP(DATE(2026,12,14),Assessments!$H:$I,2,FALSE),"") | K18: ="15"&CHAR(10)&IFERROR(VLOOKUP(DATE(2026,12,15),Purple!$A:$J,10,FALSE),"")&IFERROR(CHAR(10)&VLOOKUP(DATE(2026,12,15),Assessments!$H:$I,2,FALSE),"") | L18: ="16"&CHAR(10)&IFERROR(VLOOKUP(DATE(2026,12,16),Gold!$A:$J,10,FALSE),"")&IFERROR(CHAR(10)&VLOOKUP(DATE(2026,12,16),Assessments!$H:$I,2,FALSE),"") | M18: ="17"&CHAR(10)&IFERROR(VLOOKUP(DATE(2026,12,17),Purple!$A:$J,10,FALSE),"")&IFERROR(CHAR(10)&VLOOKUP(DATE(2026,12,17),Assessments!$H:$I,2,FALSE),"") | N18: ="18"&CHAR(10)&IFERROR(VLOOKUP(DATE(2026,12,18),Gold!$A:$J,10,FALSE),"")&IFERROR(CHAR(10)&VLOOKUP(DATE(2026,12,18),Assessments!$H:$I,2,FALSE),"") | O18: 19 | Q18: 10 | R18: ="11"&CHAR(10)&IFERROR(VLOOKUP(DATE(2027,1,11),Purple!$A:$J,10,FALSE),"")&IFERROR(CHAR(10)&VLOOKUP(DATE(2027,1,11),Assessments!$H:$I,2,FALSE),"") | S18: ="12"&CHAR(10)&IFERROR(VLOOKUP(DATE(2027,1,12),Gold!$A:$J,10,FALSE),"")&IFERROR(CHAR(10)&VLOOKUP(DATE(2027,1,12),Assessments!$H:$I,2,FALSE),"") | T18: ="13"&CHAR(10)&IFERROR(VLOOKUP(DATE(2027,1,13),Purple!$A:$J,10,FALSE),"")&IFERROR(CHAR(10)&VLOOKUP(DATE(2027,1,13),Assessments!$H:$I,2,FALSE),"") | U18: ="14"&CHAR(10)&IFERROR(VLOOKUP(DATE(2027,1,14),Gold!$A:$J,10,FALSE),"")&IFERROR(CHAR(10)&VLOOKUP(DATE(2027,1,14),Assessments!$H:$I,2,FALSE),"") | V18: ="15"&CHAR(10)&IFERROR(VLOOKUP(DATE(2027,1,15),Purple!$A:$J,10,FALSE),"")&IFERROR(CHAR(10)&VLOOKUP(DATE(2027,1,15),Assessments!$H:$I,2,FALSE),"") | W18: 16
A19: 22 | B19: ="23"&CHAR(10)&IFERROR(VLOOKUP(DATE(2026,11,23),Gold!$A:$J,10,FALSE),"")&IFERROR(CHAR(10)&VLOOKUP(DATE(2026,11,23),Assessments!$H:$I,2,FALSE),"") | C19: ="24"&CHAR(10)&IFERROR(VLOOKUP(DATE(2026,11,24),Purple!$A:$J,10,FALSE),"")&IFERROR(CHAR(10)&VLOOKUP(DATE(2026,11,24),Assessments!$H:$I,2,FALSE),"") | D19: 25 | E19: 26 | F19: 27 | G19: 28 | I19: 20 | J19: 21 | K19: 22 | L19: 23 | M19: 24 | N19: 25 | O19: 26 | Q19: 17 | R19: 18 | S19: ="19"&CHAR(10)&IFERROR(VLOOKUP(DATE(2027,1,19),Gold!$A:$J,10,FALSE),"")&IFERROR(CHAR(10)&VLOOKUP(DATE(2027,1,19),Assessments!$H:$I,2,FALSE),"") | T19: ="20"&IFERROR(CHAR(10)&"P: "&VLOOKUP(DATE(2027,1,20),Purple!$A:$J,10,FALSE),"")&IFERROR(CHAR(10)&"G: "&VLOOKUP(DATE(2027,1,20),Gold!$A:$J,10,FALSE),"")&IFERROR(CHAR(10)&VLOOKUP(DATE(2027,1,20),Assessments!$H:$I,2,FALSE),CHAR(10)&"Exam day") | U19: ="21"&IFERROR(CHAR(10)&"P: "&VLOOKUP(DATE(2027,1,21),Purple!$A:$J,10,FALSE),"")&IFERROR(CHAR(10)&"G: "&VLOOKUP(DATE(2027,1,21),Gold!$A:$J,10,FALSE),"")&IFERROR(CHAR(10)&VLOOKUP(DATE(2027,1,21),Assessments!$H:$I,2,FALSE),CHAR(10)&"Exam day") | V19: ="22"&IFERROR(CHAR(10)&"P: "&VLOOKUP(DATE(2027,1,22),Purple!$A:$J,10,FALSE),"")&IFERROR(CHAR(10)&"G: "&VLOOKUP(DATE(2027,1,22),Gold!$A:$J,10,FALSE),"")&IFERROR(CHAR(10)&VLOOKUP(DATE(2027,1,22),Assessments!$H:$I,2,FALSE),CHAR(10)&"Exam day") | W19: 23
A20: 29 | B20: ="30"&CHAR(10)&IFERROR(VLOOKUP(DATE(2026,11,30),Gold!$A:$J,10,FALSE),"")&IFERROR(CHAR(10)&VLOOKUP(DATE(2026,11,30),Assessments!$H:$I,2,FALSE),"") | I20: 27 | J20: 28 | K20: 29 | L20: 30 | M20: 31 | Q20: 24 | R20: 25 | S20: 26 | T20: ="27"&CHAR(10)&IFERROR(VLOOKUP(DATE(2027,1,27),Purple!$A:$J,10,FALSE),"")&IFERROR(CHAR(10)&VLOOKUP(DATE(2027,1,27),Assessments!$H:$I,2,FALSE),"") | U20: ="28"&CHAR(10)&IFERROR(VLOOKUP(DATE(2027,1,28),Gold!$A:$J,10,FALSE),"")&IFERROR(CHAR(10)&VLOOKUP(DATE(2027,1,28),Assessments!$H:$I,2,FALSE),"") | V20: ="29"&CHAR(10)&IFERROR(VLOOKUP(DATE(2027,1,29),Purple!$A:$J,10,FALSE),"")&IFERROR(CHAR(10)&VLOOKUP(DATE(2027,1,29),Assessments!$H:$I,2,FALSE),"") | W20: 30
Q21: 31
A23: February 2027 | I23: March 2027 | Q23: April 2027
A24: S | B24: M | C24: T | D24: W | E24: T | F24: F | G24: S | I24: S | J24: M | K24: T | L24: W | M24: T | N24: F | O24: S | Q24: S | R24: M | S24: T | T24: W | U24: T | V24: F | W24: S
B25: ="1"&CHAR(10)&IFERROR(VLOOKUP(DATE(2027,2,1),Gold!$A:$J,10,FALSE),"")&IFERROR(CHAR(10)&VLOOKUP(DATE(2027,2,1),Assessments!$H:$I,2,FALSE),"") | C25: ="2"&CHAR(10)&IFERROR(VLOOKUP(DATE(2027,2,2),Purple!$A:$J,10,FALSE),"")&IFERROR(CHAR(10)&VLOOKUP(DATE(2027,2,2),Assessments!$H:$I,2,FALSE),"") | D25: ="3"&CHAR(10)&IFERROR(VLOOKUP(DATE(2027,2,3),Gold!$A:$J,10,FALSE),"")&IFERROR(CHAR(10)&VLOOKUP(DATE(2027,2,3),Assessments!$H:$I,2,FALSE),"") | E25: ="4"&CHAR(10)&IFERROR(VLOOKUP(DATE(2027,2,4),Purple!$A:$J,10,FALSE),"")&IFERROR(CHAR(10)&VLOOKUP(DATE(2027,2,4),Assessments!$H:$I,2,FALSE),"") | F25: ="5"&CHAR(10)&IFERROR(VLOOKUP(DATE(2027,2,5),Gold!$A:$J,10,FALSE),"")&IFERROR(CHAR(10)&VLOOKUP(DATE(2027,2,5),Assessments!$H:$I,2,FALSE),"") | G25: 6 | J25: ="1"&CHAR(10)&IFERROR(VLOOKUP(DATE(2027,3,1),Purple!$A:$J,10,FALSE),"")&IFERROR(CHAR(10)&VLOOKUP(DATE(2027,3,1),Assessments!$H:$I,2,FALSE),"") | K25: ="2"&CHAR(10)&IFERROR(VLOOKUP(DATE(2027,3,2),Gold!$A:$J,10,FALSE),"")&IFERROR(CHAR(10)&VLOOKUP(DATE(2027,3,2),Assessments!$H:$I,2,FALSE),"") | L25: ="3"&CHAR(10)&IFERROR(VLOOKUP(DATE(2027,3,3),Purple!$A:$J,10,FALSE),"")&IFERROR(CHAR(10)&VLOOKUP(DATE(2027,3,3),Assessments!$H:$I,2,FALSE),"") | M25: ="4"&CHAR(10)&IFERROR(VLOOKUP(DATE(2027,3,4),Gold!$A:$J,10,FALSE),"")&IFERROR(CHAR(10)&VLOOKUP(DATE(2027,3,4),Assessments!$H:$I,2,FALSE),"") | N25: ="5"&CHAR(10)&IFERROR(VLOOKUP(DATE(2027,3,5),Purple!$A:$J,10,FALSE),"")&IFERROR(CHAR(10)&VLOOKUP(DATE(2027,3,5),Assessments!$H:$I,2,FALSE),"") | O25: 6 | U25: ="1"&CHAR(10)&IFERROR(VLOOKUP(DATE(2027,4,1),Gold!$A:$J,10,FALSE),"")&IFERROR(CHAR(10)&VLOOKUP(DATE(2027,4,1),Assessments!$H:$I,2,FALSE),"") | V25: ="2"&CHAR(10)&IFERROR(VLOOKUP(DATE(2027,4,2),Purple!$A:$J,10,FALSE),"")&IFERROR(CHAR(10)&VLOOKUP(DATE(2027,4,2),Assessments!$H:$I,2,FALSE),"") | W25: 3
A26: 7 | B26: ="8"&CHAR(10)&IFERROR(VLOOKUP(DATE(2027,2,8),Purple!$A:$J,10,FALSE),"")&IFERROR(CHAR(10)&VLOOKUP(DATE(2027,2,8),Assessments!$H:$I,2,FALSE),"") | C26: ="9"&CHAR(10)&IFERROR(VLOOKUP(DATE(2027,2,9),Gold!$A:$J,10,FALSE),"")&IFERROR(CHAR(10)&VLOOKUP(DATE(2027,2,9),Assessments!$H:$I,2,FALSE),"") | D26: ="10"&CHAR(10)&IFERROR(VLOOKUP(DATE(2027,2,10),Purple!$A:$J,10,FALSE),"")&IFERROR(CHAR(10)&VLOOKUP(DATE(2027,2,10),Assessments!$H:$I,2,FALSE),"") | E26: ="11"&CHAR(10)&IFERROR(VLOOKUP(DATE(2027,2,11),Gold!$A:$J,10,FALSE),"")&IFERROR(CHAR(10)&VLOOKUP(DATE(2027,2,11),Assessments!$H:$I,2,FALSE),"") | F26: ="12"&CHAR(10)&IFERROR(VLOOKUP(DATE(2027,2,12),Purple!$A:$J,10,FALSE),"")&IFERROR(CHAR(10)&VLOOKUP(DATE(2027,2,12),Assessments!$H:$I,2,FALSE),"") | G26: 13 | I26: 7 | J26: ="8"&CHAR(10)&IFERROR(VLOOKUP(DATE(2027,3,8),Gold!$A:$J,10,FALSE),"")&IFERROR(CHAR(10)&VLOOKUP(DATE(2027,3,8),Assessments!$H:$I,2,FALSE),"") | K26: ="9"&CHAR(10)&IFERROR(VLOOKUP(DATE(2027,3,9),Purple!$A:$J,10,FALSE),"")&IFERROR(CHAR(10)&VLOOKUP(DATE(2027,3,9),Assessments!$H:$I,2,FALSE),"") | L26: ="10"&CHAR(10)&IFERROR(VLOOKUP(DATE(2027,3,10),Gold!$A:$J,10,FALSE),"")&IFERROR(CHAR(10)&VLOOKUP(DATE(2027,3,10),Assessments!$H:$I,2,FALSE),"") | M26: ="11"&CHAR(10)&IFERROR(VLOOKUP(DATE(2027,3,11),Purple!$A:$J,10,FALSE),"")&IFERROR(CHAR(10)&VLOOKUP(DATE(2027,3,11),Assessments!$H:$I,2,FALSE),"") | N26: ="12"&CHAR(10)&IFERROR(VLOOKUP(DATE(2027,3,12),Gold!$A:$J,10,FALSE),"")&IFERROR(CHAR(10)&VLOOKUP(DATE(2027,3,12),Assessments!$H:$I,2,FALSE),"") | O26: 13 | Q26: 4 | R26: 5 | S26: 6 | T26: 7 | U26: 8 | V26: 9 | W26: 10
A27: 14 | B27: 15 | C27: ="16"&CHAR(10)&IFERROR(VLOOKUP(DATE(2027,2,16),Gold!$A:$J,10,FALSE),"")&IFERROR(CHAR(10)&VLOOKUP(DATE(2027,2,16),Assessments!$H:$I,2,FALSE),"") | D27: ="17"&CHAR(10)&IFERROR(VLOOKUP(DATE(2027,2,17),Purple!$A:$J,10,FALSE),"")&IFERROR(CHAR(10)&VLOOKUP(DATE(2027,2,17),Assessments!$H:$I,2,FALSE),"") | E27: ="18"&CHAR(10)&IFERROR(VLOOKUP(DATE(2027,2,18),Gold!$A:$J,10,FALSE),"")&IFERROR(CHAR(10)&VLOOKUP(DATE(2027,2,18),Assessments!$H:$I,2,FALSE),"") | F27: ="19"&CHAR(10)&IFERROR(VLOOKUP(DATE(2027,2,19),Purple!$A:$J,10,FALSE),"")&IFERROR(CHAR(10)&VLOOKUP(DATE(2027,2,19),Assessments!$H:$I,2,FALSE),"") | G27: 20 | I27: 14 | J27: ="15"&CHAR(10)&IFERROR(VLOOKUP(DATE(2027,3,15),Purple!$A:$J,10,FALSE),"")&IFERROR(CHAR(10)&VLOOKUP(DATE(2027,3,15),Assessments!$H:$I,2,FALSE),"") | K27: ="16"&CHAR(10)&IFERROR(VLOOKUP(DATE(2027,3,16),Gold!$A:$J,10,FALSE),"")&IFERROR(CHAR(10)&VLOOKUP(DATE(2027,3,16),Assessments!$H:$I,2,FALSE),"") | L27: ="17"&CHAR(10)&IFERROR(VLOOKUP(DATE(2027,3,17),Purple!$A:$J,10,FALSE),"")&IFERROR(CHAR(10)&VLOOKUP(DATE(2027,3,17),Assessments!$H:$I,2,FALSE),"") | M27: ="18"&CHAR(10)&IFERROR(VLOOKUP(DATE(2027,3,18),Gold!$A:$J,10,FALSE),"")&IFERROR(CHAR(10)&VLOOKUP(DATE(2027,3,18),Assessments!$H:$I,2,FALSE),"") | N27: ="19"&CHAR(10)&IFERROR(VLOOKUP(DATE(2027,3,19),Purple!$A:$J,10,FALSE),"")&IFERROR(CHAR(10)&VLOOKUP(DATE(2027,3,19),Assessments!$H:$I,2,FALSE),"") | O27: 20 | Q27: 11 | R27: 12 | S27: ="13"&CHAR(10)&IFERROR(VLOOKUP(DATE(2027,4,13),Gold!$A:$J,10,FALSE),"")&IFERROR(CHAR(10)&VLOOKUP(DATE(2027,4,13),Assessments!$H:$I,2,FALSE),"") | T27: ="14"&CHAR(10)&IFERROR(VLOOKUP(DATE(2027,4,14),Purple!$A:$J,10,FALSE),"")&IFERROR(CHAR(10)&VLOOKUP(DATE(2027,4,14),Assessments!$H:$I,2,FALSE),"") | U27: ="15"&CHAR(10)&IFERROR(VLOOKUP(DATE(2027,4,15),Gold!$A:$J,10,FALSE),"")&IFERROR(CHAR(10)&VLOOKUP(DATE(2027,4,15),Assessments!$H:$I,2,FALSE),"") | V27: ="16"&CHAR(10)&IFERROR(VLOOKUP(DATE(2027,4,16),Purple!$A:$J,10,FALSE),"")&IFERROR(CHAR(10)&VLOOKUP(DATE(2027,4,16),Assessments!$H:$I,2,FALSE),"") | W27: 17
A28: 21 | B28: ="22"&CHAR(10)&IFERROR(VLOOKUP(DATE(2027,2,22),Gold!$A:$J,10,FALSE),"")&IFERROR(CHAR(10)&VLOOKUP(DATE(2027,2,22),Assessments!$H:$I,2,FALSE),"") | C28: ="23"&CHAR(10)&IFERROR(VLOOKUP(DATE(2027,2,23),Purple!$A:$J,10,FALSE),"")&IFERROR(CHAR(10)&VLOOKUP(DATE(2027,2,23),Assessments!$H:$I,2,FALSE),"") | D28: ="24"&CHAR(10)&IFERROR(VLOOKUP(DATE(2027,2,24),Gold!$A:$J,10,FALSE),"")&IFERROR(CHAR(10)&VLOOKUP(DATE(2027,2,24),Assessments!$H:$I,2,FALSE),"") | E28: ="25"&CHAR(10)&IFERROR(VLOOKUP(DATE(2027,2,25),Purple!$A:$J,10,FALSE),"")&IFERROR(CHAR(10)&VLOOKUP(DATE(2027,2,25),Assessments!$H:$I,2,FALSE),"") | F28: ="26"&CHAR(10)&IFERROR(VLOOKUP(DATE(2027,2,26),Gold!$A:$J,10,FALSE),"")&IFERROR(CHAR(10)&VLOOKUP(DATE(2027,2,26),Assessments!$H:$I,2,FALSE),"") | G28: 27 | I28: 21 | J28: ="22"&CHAR(10)&IFERROR(VLOOKUP(DATE(2027,3,22),Gold!$A:$J,10,FALSE),"")&IFERROR(CHAR(10)&VLOOKUP(DATE(2027,3,22),Assessments!$H:$I,2,FALSE),"") | K28: ="23"&CHAR(10)&IFERROR(VLOOKUP(DATE(2027,3,23),Purple!$A:$J,10,FALSE),"")&IFERROR(CHAR(10)&VLOOKUP(DATE(2027,3,23),Assessments!$H:$I,2,FALSE),"") | L28: ="24"&CHAR(10)&IFERROR(VLOOKUP(DATE(2027,3,24),Gold!$A:$J,10,FALSE),"")&IFERROR(CHAR(10)&VLOOKUP(DATE(2027,3,24),Assessments!$H:$I,2,FALSE),"") | M28: ="25"&CHAR(10)&IFERROR(VLOOKUP(DATE(2027,3,25),Purple!$A:$J,10,FALSE),"")&IFERROR(CHAR(10)&VLOOKUP(DATE(2027,3,25),Assessments!$H:$I,2,FALSE),"") | N28: ="26"&CHAR(10)&IFERROR(VLOOKUP(DATE(2027,3,26),Gold!$A:$J,10,FALSE),"")&IFERROR(CHAR(10)&VLOOKUP(DATE(2027,3,26),Assessments!$H:$I,2,FALSE),"") | O28: 27 | Q28: 18 | R28: ="19"&CHAR(10)&IFERROR(VLOOKUP(DATE(2027,4,19),Gold!$A:$J,10,FALSE),"")&IFERROR(CHAR(10)&VLOOKUP(DATE(2027,4,19),Assessments!$H:$I,2,FALSE),"") | S28: ="20"&CHAR(10)&IFERROR(VLOOKUP(DATE(2027,4,20),Purple!$A:$J,10,FALSE),"")&IFERROR(CHAR(10)&VLOOKUP(DATE(2027,4,20),Assessments!$H:$I,2,FALSE),"") | T28: ="21"&CHAR(10)&IFERROR(VLOOKUP(DATE(2027,4,21),Gold!$A:$J,10,FALSE),"")&IFERROR(CHAR(10)&VLOOKUP(DATE(2027,4,21),Assessments!$H:$I,2,FALSE),"") | U28: ="22"&CHAR(10)&IFERROR(VLOOKUP(DATE(2027,4,22),Purple!$A:$J,10,FALSE),"")&IFERROR(CHAR(10)&VLOOKUP(DATE(2027,4,22),Assessments!$H:$I,2,FALSE),"") | V28: ="23"&CHAR(10)&IFERROR(VLOOKUP(DATE(2027,4,23),Gold!$A:$J,10,FALSE),"")&IFERROR(CHAR(10)&VLOOKUP(DATE(2027,4,23),Assessments!$H:$I,2,FALSE),"") | W28: 24
A29: 28 | I29: 28 | J29: ="29"&CHAR(10)&IFERROR(VLOOKUP(DATE(2027,3,29),Purple!$A:$J,10,FALSE),"")&IFERROR(CHAR(10)&VLOOKUP(DATE(2027,3,29),Assessments!$H:$I,2,FALSE),"") | K29: ="30"&CHAR(10)&IFERROR(VLOOKUP(DATE(2027,3,30),Gold!$A:$J,10,FALSE),"")&IFERROR(CHAR(10)&VLOOKUP(DATE(2027,3,30),Assessments!$H:$I,2,FALSE),"") | L29: ="31"&CHAR(10)&IFERROR(VLOOKUP(DATE(2027,3,31),Purple!$A:$J,10,FALSE),"")&IFERROR(CHAR(10)&VLOOKUP(DATE(2027,3,31),Assessments!$H:$I,2,FALSE),"") | Q29: 25 | R29: ="26"&CHAR(10)&IFERROR(VLOOKUP(DATE(2027,4,26),Purple!$A:$J,10,FALSE),"")&IFERROR(CHAR(10)&VLOOKUP(DATE(2027,4,26),Assessments!$H:$I,2,FALSE),"") | S29: ="27"&CHAR(10)&IFERROR(VLOOKUP(DATE(2027,4,27),Gold!$A:$J,10,FALSE),"")&IFERROR(CHAR(10)&VLOOKUP(DATE(2027,4,27),Assessments!$H:$I,2,FALSE),"") | T29: ="28"&CHAR(10)&IFERROR(VLOOKUP(DATE(2027,4,28),Purple!$A:$J,10,FALSE),"")&IFERROR(CHAR(10)&VLOOKUP(DATE(2027,4,28),Assessments!$H:$I,2,FALSE),"") | U29: ="29"&CHAR(10)&IFERROR(VLOOKUP(DATE(2027,4,29),Gold!$A:$J,10,FALSE),"")&IFERROR(CHAR(10)&VLOOKUP(DATE(2027,4,29),Assessments!$H:$I,2,FALSE),"") | V29: ="30"&CHAR(10)&IFERROR(VLOOKUP(DATE(2027,4,30),Purple!$A:$J,10,FALSE),"")&IFERROR(CHAR(10)&VLOOKUP(DATE(2027,4,30),Assessments!$H:$I,2,FALSE),"")
A32: May 2027 | I32: June 2027
A33: S | B33: M | C33: T | D33: W | E33: T | F33: F | G33: S | I33: S | J33: M | K33: T | L33: W | M33: T | N33: F | O33: S
G34: 1 | K34: ="1"&CHAR(10)&IFERROR(VLOOKUP(DATE(2027,6,1),Gold!$A:$J,10,FALSE),"")&IFERROR(CHAR(10)&VLOOKUP(DATE(2027,6,1),Assessments!$H:$I,2,FALSE),"") | L34: ="2"&CHAR(10)&IFERROR(VLOOKUP(DATE(2027,6,2),Purple!$A:$J,10,FALSE),"")&IFERROR(CHAR(10)&VLOOKUP(DATE(2027,6,2),Assessments!$H:$I,2,FALSE),"") | M34: ="3"&CHAR(10)&IFERROR(VLOOKUP(DATE(2027,6,3),Gold!$A:$J,10,FALSE),"")&IFERROR(CHAR(10)&VLOOKUP(DATE(2027,6,3),Assessments!$H:$I,2,FALSE),"") | N34: ="4"&IFERROR(CHAR(10)&"P: "&VLOOKUP(DATE(2027,6,4),Purple!$A:$J,10,FALSE),"")&IFERROR(CHAR(10)&"G: "&VLOOKUP(DATE(2027,6,4),Gold!$A:$J,10,FALSE),"")&IFERROR(CHAR(10)&VLOOKUP(DATE(2027,6,4),Assessments!$H:$I,2,FALSE),CHAR(10)&"Exam day") | O34: 5
A35: 2 | B35: ="3"&CHAR(10)&IFERROR(VLOOKUP(DATE(2027,5,3),Gold!$A:$J,10,FALSE),"")&IFERROR(CHAR(10)&VLOOKUP(DATE(2027,5,3),Assessments!$H:$I,2,FALSE),"") | C35: ="4"&CHAR(10)&IFERROR(VLOOKUP(DATE(2027,5,4),Purple!$A:$J,10,FALSE),"")&IFERROR(CHAR(10)&VLOOKUP(DATE(2027,5,4),Assessments!$H:$I,2,FALSE),"") | D35: ="5"&CHAR(10)&IFERROR(VLOOKUP(DATE(2027,5,5),Gold!$A:$J,10,FALSE),"")&IFERROR(CHAR(10)&VLOOKUP(DATE(2027,5,5),Assessments!$H:$I,2,FALSE),"") | E35: ="6"&CHAR(10)&IFERROR(VLOOKUP(DATE(2027,5,6),Purple!$A:$J,10,FALSE),"")&IFERROR(CHAR(10)&VLOOKUP(DATE(2027,5,6),Assessments!$H:$I,2,FALSE),"") | F35: ="7"&CHAR(10)&IFERROR(VLOOKUP(DATE(2027,5,7),Gold!$A:$J,10,FALSE),"")&IFERROR(CHAR(10)&VLOOKUP(DATE(2027,5,7),Assessments!$H:$I,2,FALSE),"") | G35: 8 | I35: 6 | J35: ="7"&IFERROR(CHAR(10)&"P: "&VLOOKUP(DATE(2027,6,7),Purple!$A:$J,10,FALSE),"")&IFERROR(CHAR(10)&"G: "&VLOOKUP(DATE(2027,6,7),Gold!$A:$J,10,FALSE),"")&IFERROR(CHAR(10)&VLOOKUP(DATE(2027,6,7),Assessments!$H:$I,2,FALSE),CHAR(10)&"Exam day") | K35: ="8"&IFERROR(CHAR(10)&"P: "&VLOOKUP(DATE(2027,6,8),Purple!$A:$J,10,FALSE),"")&IFERROR(CHAR(10)&"G: "&VLOOKUP(DATE(2027,6,8),Gold!$A:$J,10,FALSE),"")&IFERROR(CHAR(10)&VLOOKUP(DATE(2027,6,8),Assessments!$H:$I,2,FALSE),CHAR(10)&"Exam day") | L35: 9 | M35: 10 | N35: 11 | O35: 12
A36: 9 | B36: ="10"&CHAR(10)&IFERROR(VLOOKUP(DATE(2027,5,10),Purple!$A:$J,10,FALSE),"")&IFERROR(CHAR(10)&VLOOKUP(DATE(2027,5,10),Assessments!$H:$I,2,FALSE),"") | C36: ="11"&CHAR(10)&IFERROR(VLOOKUP(DATE(2027,5,11),Gold!$A:$J,10,FALSE),"")&IFERROR(CHAR(10)&VLOOKUP(DATE(2027,5,11),Assessments!$H:$I,2,FALSE),"") | D36: ="12"&CHAR(10)&IFERROR(VLOOKUP(DATE(2027,5,12),Purple!$A:$J,10,FALSE),"")&IFERROR(CHAR(10)&VLOOKUP(DATE(2027,5,12),Assessments!$H:$I,2,FALSE),"") | E36: ="13"&CHAR(10)&IFERROR(VLOOKUP(DATE(2027,5,13),Gold!$A:$J,10,FALSE),"")&IFERROR(CHAR(10)&VLOOKUP(DATE(2027,5,13),Assessments!$H:$I,2,FALSE),"") | F36: ="14"&CHAR(10)&IFERROR(VLOOKUP(DATE(2027,5,14),Purple!$A:$J,10,FALSE),"")&IFERROR(CHAR(10)&VLOOKUP(DATE(2027,5,14),Assessments!$H:$I,2,FALSE),"") | G36: 15 | I36: 13 | J36: 14 | K36: 15 | L36: 16 | M36: 17 | N36: 18 | O36: 19
A37: 16 | B37: ="17"&CHAR(10)&IFERROR(VLOOKUP(DATE(2027,5,17),Gold!$A:$J,10,FALSE),"")&IFERROR(CHAR(10)&VLOOKUP(DATE(2027,5,17),Assessments!$H:$I,2,FALSE),"") | C37: ="18"&CHAR(10)&IFERROR(VLOOKUP(DATE(2027,5,18),Purple!$A:$J,10,FALSE),"")&IFERROR(CHAR(10)&VLOOKUP(DATE(2027,5,18),Assessments!$H:$I,2,FALSE),"") | D37: ="19"&CHAR(10)&IFERROR(VLOOKUP(DATE(2027,5,19),Gold!$A:$J,10,FALSE),"")&IFERROR(CHAR(10)&VLOOKUP(DATE(2027,5,19),Assessments!$H:$I,2,FALSE),"") | E37: ="20"&CHAR(10)&IFERROR(VLOOKUP(DATE(2027,5,20),Purple!$A:$J,10,FALSE),"")&IFERROR(CHAR(10)&VLOOKUP(DATE(2027,5,20),Assessments!$H:$I,2,FALSE),"") | F37: ="21"&CHAR(10)&IFERROR(VLOOKUP(DATE(2027,5,21),Gold!$A:$J,10,FALSE),"")&IFERROR(CHAR(10)&VLOOKUP(DATE(2027,5,21),Assessments!$H:$I,2,FALSE),"") | G37: 22 | I37: 20 | J37: 21 | K37: 22 | L37: 23 | M37: 24 | N37: 25 | O37: 26
A38: 23 | B38: ="24"&CHAR(10)&IFERROR(VLOOKUP(DATE(2027,5,24),Purple!$A:$J,10,FALSE),"")&IFERROR(CHAR(10)&VLOOKUP(DATE(2027,5,24),Assessments!$H:$I,2,FALSE),"") | C38: ="25"&CHAR(10)&IFERROR(VLOOKUP(DATE(2027,5,25),Gold!$A:$J,10,FALSE),"")&IFERROR(CHAR(10)&VLOOKUP(DATE(2027,5,25),Assessments!$H:$I,2,FALSE),"") | D38: ="26"&CHAR(10)&IFERROR(VLOOKUP(DATE(2027,5,26),Purple!$A:$J,10,FALSE),"")&IFERROR(CHAR(10)&VLOOKUP(DATE(2027,5,26),Assessments!$H:$I,2,FALSE),"") | E38: ="27"&CHAR(10)&IFERROR(VLOOKUP(DATE(2027,5,27),Gold!$A:$J,10,FALSE),"")&IFERROR(CHAR(10)&VLOOKUP(DATE(2027,5,27),Assessments!$H:$I,2,FALSE),"") | F38: ="28"&CHAR(10)&IFERROR(VLOOKUP(DATE(2027,5,28),Purple!$A:$J,10,FALSE),"")&IFERROR(CHAR(10)&VLOOKUP(DATE(2027,5,28),Assessments!$H:$I,2,FALSE),"") | G38: 29 | I38: 27 | J38: 28 | K38: 29 | L38: 30
A39: 30 | B39: 31

Sheet Lesson Bank
A1: Lesson ID | B1: Unit | C1: Unit title | D1: Lesson | E1: Calendar label | F1: Lesson focus | G1: Learning target | H1: Standards | I1: Essential question | J1: Core resources | K1: Assessment notes | L1: Scheduling note
A2: U1-W1L1 | B2: 1 | C2: Unleashing Influence | D2: Week 1, Lesson 1 | E2: U1 W1L1 | F2: Understand what opportunities I have in high school. | G2: I will be able to understand what opportunities I have in high school. I will learn the criteria for participating in those opportunities.I will know I am successful when I have identified my goals for high school and the path needed to achieve them. | H2: 9.W.1 9.C.1A.i | I2: How does the influence of media, education, and people shape our view of the world and ourselves? | J2: Slide Deck | K2: Consider the people, events, and media both inside and outside of school (ex: parent, grandparent, godparent, sibling, teacher, pastor, birth, death, graduation, birthday, anniversary, Instagram, TikTok, Snap Chat, Facebook, television, game, or other social media platforms). Explain how one of those elements, whether positively or negatively, has influenced the way you view yourself or the world. Use personal experiences, elaboration, and details to support your essay.
A3: U1-W1L2 | B3: 1 | C3: Unleashing Influence | D3: Week 1, Lesson 2 | E3: U1 W1L2 | F3: Understand the skills and requirements at each grade level needed to pursue a successful high school career. | G3: I will be able to understand the skills and requirements at each grade level needed to pursue a successful high school career. | H3: 9.DSR.A 9.DSR.B 9.RI.1.A 9.C.1A.i | I3: How does the influence of media, education, and people shape our view of the world and ourselves? | J3: Slide Deck
A4: U1-W2L1 | B4: 1 | C4: Unleashing Influence | D4: Week 2, Lesson 1 | E4: U1 W2L1 | F4: Gain an understanding of new vocabulary related to the text The Ravine and review characterization and theme. | G4: Today, I will gain an understanding of new vocabulary related to the text The Ravine and review characterization and theme. I will do this by completing the guided notes. I will know I can do this by using the words in a prediction graphic organizer completing appropriate portions of my story map. | H4: 9.RV.1.G 9.RL.1.A | I4: How does the influence of media, education, and people shape our view of the world and ourselves? | J4: Slide Deck
A5: U1-W2L2 | B5: 1 | C5: Unleashing Influence | D5: Week 2, Lesson 2 | E5: U1 W2L2 | F5: Read and analyze the short story The Ravine. | G5: Today, I will read and analyze the short story The Ravine. I will do this to understand the development of characters and themes in a story.I will know I can do this when I can successfully answer multiple choice questions and a writing prompt about a fictional text. | H5: 9.DSR C 9.RL.1 A | I5: How does the influence of media, education, and people shape our view of the world and ourselves? | J5: Slide Deck
A6: U1-W2L3 | B6: 1 | C6: Unleashing Influence | D6: Week 2, Lesson 3 | E6: U1 W2L3 | F6: Learn about rhetorical devices and how they are used in persuasive writing.I will know I’ve got it when I can distinguish between ethos, pathos, and logos, identify them in media, and use them in my own writing. | G6: Today, I will learn about rhetorical devices and how they are used in persuasive writing.I will know I’ve got it when I can distinguish between ethos, pathos, and logos, identify them in media, and use them in my own writing. | H6: 9.RV.1A 9.RV.1G | I6: How does the influence of media, education, and people shape our view of the world and ourselves? | J6: Slide Deck
A7: U1-W3L1 | B7: 1 | C7: Unleashing Influence | D7: Week 3, Lesson 1 | E7: U1 W3L1 | F7: Compare perspectives and viewpoints of two or more authors to analyze the use of persuasion in various texts. | G7: Today I will compare perspectives and viewpoints of two or more authors to analyze the use of persuasion in various texts. I’ll know I have it when I can discuss thoughtfully with my classmates, answer questions, and complete a Venn Diagram about the two texts. | H7: 9.RI.3.A | I7: How does the influence of media, education, and people shape our view of the world and ourselves? | J7: Slide Deck
A8: U1-W3L2 | B8: 1 | C8: Unleashing Influence | D8: Week 3, Lesson 2 | E8: U1 W3L2 | F8: Use my understanding of persuasive devices to identify ethos, pathos, logos and other persuasive techniques in Old Major’s speech from the novel Animal Farm. | G8: By the end of class today, I will be able to use my understanding of persuasive devices to identify ethos, pathos, logos and other persuasive techniques in Old Major’s speech from the novel Animal Farm. I’ll know I’ve got it when I can correctly identify at least one example of ethos, pathos, and logos in Old Major’s speech and in print ads. | H8: 9.DSR.B 9.DSR.A 9.RI.2.B 9.RI.2.C | I8: How does the influence of media, education, and people shape our view of the world and ourselves? | J8: Slide Deck
A9: U1-W4L1 | B9: 1 | C9: Unleashing Influence | D9: Week 4, Lesson 1 | E9: U1 W4L1 | F9: Read excerpts from George Orwell's novel Animal Farm to analyze persuasive devices, poetic devices, and how a literary form’s structure contributes to meaning. | G9: Today I will read excerpts from George Orwell's novel Animal Farm to analyze persuasive devices, poetic devices, and how a literary form’s structure contributes to meaning. I’ll know I have it when I can identify and explain the impact of rhetorical and poetic devices , and form, in Squeaker’s Speech from Animal Farm. | H9: 9.RI.2.B-C | I9: How does the influence of media, education, and people shape our view of the world and ourselves? | J9: Slide Deck
A10: U1-W4L2 | B10: 1 | C10: Unleashing Influence | D10: Week 4, Lesson 2 | E10: U1 W4L2 | F10: Learn key elements to evaluate clarity and accuracy in informational texts. | G10: Today, I will learn key elements to evaluate clarity and accuracy in informational texts. I’ll know I’ve got it when I am able to use my evaluation document and evaluate a text for clarity and accuracy. | H10: 9.RI.3 | I10: How does the influence of media, education, and people shape our view of the world and ourselves? | J10: Slide Deck
A11: U1-W4L3 | B11: 1 | C11: Unleashing Influence | D11: Week 4, Lesson 3 | E11: U1 W4L3 | F11: Use my knowledge of writing and grammar. | G11: Today, I will use my knowledge of writing and grammar. I’ll know I’ve got it when I am able to write a strong narrative essay, including a thesis, a central idea with evidence, and organized ideas. | H11: 9.W.2.A.i-iii | I11: How does the influence of media, education, and people shape our view of the world and ourselves? | J11: Slide Deck
A12: U1-W5L1 | B12: 1 | C12: Unleashing Influence | D12: Week 5, Lesson 1 | E12: U1 W5L1 | F12: Examine the writing rubric in greater detail, along with the writer’s checklist, so that I can know how to get a good writing score. | G12: Today, I will examine the writing rubric in greater detail, along with the writer’s checklist, so that I can know how to get a good writing score. I’ll know I’ve got it when I can engage in a Writer’s Workshop where I use the rubric, writer’s checklist, and the PEE (Point, Example, Explanation) structure to revise my baseline, type it into No Red Ink , and improve my score. | H12: 9.W.2.A 9.W.3.B | I12: How does the influence of media, education, and people shape our view of the world and ourselves? | J12: Slide Deck
A13: U1-W5L2 | B13: 1 | C13: Unleashing Influence | D13: Week 5, Lesson 2 | E13: U1 W5L2 | F13: Apply my learning of concepts, texts, and skills from Unit 1. | G13: Today, I will apply my learning of concepts, texts, and skills from Unit 1. I’ll know I’ve got it when I can select two items from the Choice Board to apply my learning from Unit 1. | H13: 9.W.1 | I13: How does the influence of media, education, and people shape our view of the world and ourselves? | J13: Slide Deck
A14: U2-C1L1 | B14: 2 | C14: Challenge Accepted! | D14: Cycle 1, Lesson 1 | E14: U2 C1L1 | F14: Participate in a gallery walk, read Ancient Greece: The Birthplace of Western individualism, and answer multiple choice questions. | G14: Today I will participate in a gallery walk, read Ancient Greece: The Birthplace of Western individualism, and answer multiple choice questions. By the end of class, I will show my understanding of the cultural function of mythological figures by using details from the text to correctly answer short response and multiple choice questions. | H14: 9.RL.3A 9.C.1.A.i, iii, iv, v 9.W.1.C | I14: How do the challenges of life affect a person? | J14: Slide Deck | K14: Compare and contrast two characters from one or more anchor texts. How are these characters alike/different in how they face/respond to/overcome challenges? Develop your ideas using specific reasons and examples from the texts you’ve studied.
A15: U2-C1L2 | B15: 2 | C15: Challenge Accepted! | D15: Cycle 1, Lesson 2 | E15: U2 C1L2 | F15: Learn about The Odyssey while taking guided notes, try to survive The Odyssey as a king or crew member, and complete a reading and writing assignment. | G15: Today I will learn about The Odyssey while taking guided notes, try to survive The Odyssey as a king or crew member, and complete a reading and writing assignment. By the end of class, I will show my understanding of how ancient Greek culture shaped Odysseus’s storytelling by analyzing Odysseus’ introduction using information I will learn in this powerpoint and writing my own introduction in the style of The Odyssey. | H15: 9.RL.3.A 9.W.1.C | I15: How do the challenges of life affect a person? | J15: Slide Deck
A16: U2-C1L3 | B16: 2 | C16: Challenge Accepted! | D16: Cycle 1, Lesson 3 | E16: U2 C1L3 | F16: Read the Lotus Eaters Episode of The Odyssey. | G16: Today I will read the Lotus Eaters Episode of The Odyssey. As I am reading I will annotate for character traits, plot, and unknown words. By the end of class, I will show my understanding of how character traits and setting drive the development of the plot in the text though using specific details in my annotations and Facing Challenges Character Tracker. | H16: 9.RL.1.A 9.W.1.C | I16: How do the challenges of life affect a person? | J16: Slide Deck
A17: U2-C1L4 | B17: 2 | C17: Challenge Accepted! | D17: Cycle 1, Lesson 4 | E17: U2 C1L4 | F17: Read and discuss the Cyclops episode of the Odyssey. | G17: Today I will read and discuss the Cyclops episode of the Odyssey. I will fill out a question chart while I read. I’ll know I have it when I can demonstrate my comprehension by reading the text, answering the questions and participating in discussions. | H17: 9.DSR 9.RV.1.B 9.RL.1.A 9.RL.2.B 9.W.1.C | I17: How do the challenges of life affect a person? | J17: Slide Deck
A18: U2-C1L5 | B18: 2 | C18: Challenge Accepted! | D18: Cycle 1, Lesson 5 | E18: U2 C1L5 | F18: Read and discuss the Sirens, Scylla and Charybdis episode of the Odyssey. | G18: Today I will read and discuss the Sirens, Scylla and Charybdis episode of the Odyssey. I will also participate in a Silent Conversation with my classmates. I’ll know I have it when I can demonstrate my comprehension by reading the text, answering the questions, participating in discussions and completing my exit ticket. | H18: 9.DSR, 9.RV.1.B, 9.RL.1.A 9.RL.2.B | I18: How do the challenges of life affect a person? | J18: Slide Deck
A19: U2-C2L1 | B19: 2 | C19: Challenge Accepted! | D19: Cycle 2, Lesson 1 | E19: U2 C2L1 | F19: Read The Odyssey to explain the relationships between setting, characters, and plot and their impact on theme. | G19: Today I will read The Odyssey to explain the relationships between setting, characters, and plot and their impact on theme. I will know I can do this when I answer my guiding questions for my reading and engage in discussion about this episode of The Odyssey with my classmates and connect setting, characters, and plot to a theme from the text. | H19: 9.RV.1 9.W.1.C | I19: How do the challenges of life affect a person? | J19: Slide Deck
A20: U2-C2L2 | B20: 2 | C20: Challenge Accepted! | D20: Cycle 2, Lesson 2 | E20: U2 C2L2 | F20: Read The Odyssey for word choice and tone and how that shapes a text. | G20: Today I will read The Odyssey for word choice and tone and how that shapes a text. I will know I can do this when I answer my guiding questions for my reading, complete my Character Tracker, and identify how word choice and tone shapes today’s reading. | H20: 9.RV.1 9.RL.2.B 9.W.1.C | I20: How do the challenges of life affect a person? | J20: Slide Deck
A21: U2-C2L3 | B21: 2 | C21: Challenge Accepted! | D21: Cycle 2, Lesson 3 | E21: U2 C2L3 | F21: Complete my Common Assessment Tracker and review the tenants of the comparison contrast essay in preparation for writing my Unit 2 Common Assessment. | G21: Today, I will complete my Common Assessment Tracker and review the tenants of the comparison contrast essay in preparation for writing my Unit 2 Common Assessment. I will know I’ve got it when I can use my writing organizer, Common Assessment Tracker, and my notes on writing to develop the thesis statement and introductory paragraph for my common assessment. | H21: 9.RL.1A | I21: How do the challenges of life affect a person? | J21: Slide Deck
A22: U2-C2L4 | B22: 2 | C22: Challenge Accepted! | D22: Cycle 2, Lesson 4 | E22: U2 C2L4 | F22: Complete my Common Assessment Tracker and review the tenants of the comparison contrast essay in preparation for writing my Unit 2 Common Assessment. | G22: Today, I will complete my Common Assessment Tracker and review the tenants of the comparison contrast essay in preparation for writing my Unit 2 Common Assessment. I will know I’ve got it when I can use my writing organizer, Common Assessment Tracker, and my notes on writing to develop the thesis statement and introductory paragraph for my common assessment. | H22: 9.RL.1.A, 9.W.1.A.i-iv, 9.W.2.A.i-iv | I22: How do the challenges of life affect a person? | J22: Slide Deck
A23: U2-C2L5 | B23: 2 | C23: Challenge Accepted! | D23: Cycle 2, Lesson 5 | E23: U2 C2L5 | F23: Read and analyze a commencement speech by Steve Jobs. | G23: Today, I will read and analyze a commencement speech by Steve Jobs. I will do this to analyze the development of the main idea. I will also finalize my common assessment rough draft. I will know I have it when I can summarize key details from the speech that support its main idea and complete a rough draft of my common assessment. | H23: 9.RV.1A, 9.RI.1A, 9.C.4.A-B, 9.W.1.a.i-iv | I23: How do the challenges of life affect a person? | J23: Slide Deck
A24: U2-C3L1 | B24: 2 | C24: Challenge Accepted! | D24: Cycle 3, Lesson 1 | E24: U2 C3L1 | F24: Use my rough draft and my notes to type a final draft of my common assessment into No Red Ink. | G24: Today, I will use my rough draft and my notes to type a final draft of my common assessment into No Red Ink. I’ll know I’ve got it when I successfully type my common assessment into No Red Ink, review my work for grammar and punctuation, and ensure that I’ve completed my best writing. | H24: 9.W.1.a.i-iv | I24: How do the challenges of life affect a person? | J24: Slide Deck
A25: U3-C1L1 | B25: 3 | C25: The Drive to Deceive | D25: Cycle 1, Lesson 1 | E25: U3 C1L1 | F25: Learn about the culture and author of Romeo and Juliet, complete an anticipation guide, and read and annotate the prologue to Romeo and Juliet. | G25: Today I will learn about the culture and author of Romeo and Juliet, complete an anticipation guide, and read and annotate the prologue to Romeo and Juliet. I will track the characteristics of drama in a notes catcher. By the end of class, I will show my ability to identify literary devices in the Prologue of Romeo and Juliet by annotating | H25: 9.RL.1.C 9.RL.2.B 9.RL.2.C 9.RL.2.D | I25: What drives people to deceive others? | J25: Slide Deck | K25: Common Assessment: Many works of literature contain a character who intentionally deceives others. The character’s dishonesty may be intended to help in some cases.But there are times when the character’s dishonesty is used for the purpose of hurting another person. Choose a text from this unit in which a character deceives another character. In a well-written essay, analyze the motives for that character’s deception, and discuss how the deception contributes to the meaning of the text as a whole. Use specific reasons and detailed examples in your essay.
A26: U3-C1L2 | B26: 3 | C26: The Drive to Deceive | D26: Cycle 1, Lesson 2 | E26: U3 C1L2 | F26: Read and annotate Act I, Scenes 1 and 2 of Romeo and Juliet.. | G26: Today I will read and annotate Act I, Scenes 1 and 2 of Romeo and Juliet.. As I am reading, I will annotate the text for literary devices, main ideas, and theme. By the end of class, I will show my understanding of foreshadowing, theme, plot, and additional literary devices through my Act 1, Scene 1 and 2 annotations, study guide questions, and multiple choice questions. | H26: 9.RL.1.C 9.RL.2.B 9.RL.2.C 9.RL.2.D | I26: What drives people to deceive others? | J26: Slide Deck
A27: U3-C1L3 | B27: 3 | C27: The Drive to Deceive | D27: Cycle 1, Lesson 3 | E27: U3 C1L3 | F27: Read Act 1, Scene 5 of Romeo and Juliet and learn about the different types of irony. | G27: Today, I will read Act 1, Scene 5 of Romeo and Juliet and learn about the different types of irony. As I am reading, I will keep track of character actions and literary elements using the Act 1 Scene 5 worksheet. By the end of class, I will be able to show my understanding by summarizing important events through incorporating relevant facts and details into my written response in the Act 1, Scene 5 worksheet. | H27: 9.DSR.A 9.DSR.E 9.W.1 9.RL.2 | I27: What drives people to deceive others? | J27: Slide Deck
A28: U3-C1L4 | B28: 3 | C28: The Drive to Deceive | D28: Cycle 1, Lesson 4 | E28: U3 C1L4 | F28: Read The Act 2 Prologue and Act 2 Scene 2 of Romeo and Juliet. | G28: Today, I will read The Act 2 Prologue and Act 2 Scene 2 of Romeo and Juliet. As I am reading I will annotate the text for literary devices, main ideas, and theme. By the end of class, I will show my understanding by incorporating a thesis statement and adding specific details from the text while effectively incorporating persuasive techniques into the Romeo and Juliet RAFT writing. | H28: 9.W.1.C 9.W.1 9.RL.1.D | I28: What drives people to deceive others? | J28: Slide Deck
A29: U3-C1L5 | B29: 3 | C29: The Drive to Deceive | D29: Cycle 1, Lesson 5 | E29: U3 C1L5 | F29: Read Acts 2, Scene 3 and Act 2, Scene 4 of Romeo and Juliet. | G29: Today, I will read Acts 2, Scene 3 and Act 2, Scene 4 of Romeo and Juliet. As I’m reading, I will keep track of character types and plot progression with my worksheet and notes catcher. By the end of class, I will show my understanding by identifying how dynamic and flat characters in Romeo and Juliet interactions shape the plot in the Act 2, Scene 3 and Act 2, Scene 4. | H29: 9.RL.1C 9.RL.3B | I29: What drives people to deceive others? | J29: Slide Deck
A30: U3-C2L1 | B30: 3 | C30: The Drive to Deceive | D30: Cycle 2, Lesson 1 | E30: U3 C2L1 | F30: Read Act 2 Scene 6 and Act 3 Scene 1 of Romeo and Juliet. | G30: Today I will read Act 2 Scene 6 and Act 3 Scene 1 of Romeo and Juliet. As I am reading, I will annotate the text for literary devices, main ideas, and theme. By the end of class, I will show my understanding by summarizing important events in the Verona Times Newspaper Article by including specific details and quotes from the text, as well as using a variety of sentence structures to help make my writing clear and engaging for the audience. | H30: 9.W.1.C 9.LU.1.B 9.W.1.A 9.W.WC | I30: What drives people to deceive others? | J30: Slide Deck
A31: U3-C2L2 | B31: 3 | C31: The Drive to Deceive | D31: Cycle 2, Lesson 2 | E31: U3 C2L2 | F31: Read select scenes from Act 4 of Romeo and Juliet. | G31: Today I will read select scenes from Act 4 of Romeo and Juliet. As I am reading, I will keep track of important details using the Act 4 Scene 1 & 2 worksheet and my Deception Tracker. I will also brainstorm ideas using a mindmap. By the end of class, I will show my understanding of planning and organizing my writing by completing my deception tracker and my mind maps. | H31: 9.W.2A | I31: What drives people to deceive others? | J31: Slide Deck
A32: U3-C2L3 | B32: 3 | C32: The Drive to Deceive | D32: Cycle 2, Lesson 3 | E32: U3 C2L3 | F32: Read Act 5 Scene 3 of Romeo and Juliet. | G32: Today I will read Act 5 Scene 3 of Romeo and Juliet. As I am reading, I will annotate the text for literary devices, main ideas, and theme. By the end of class today, I will show my understanding of planning and organizing my writing by developing a thesis and incorporating relevant facts, concrete details, and quotations into my draft on Unit 3’s common assessment essay prompt. | H32: 9.W.1.Aiv 9.W.2Ai 9.W.2.Aii | I32: What drives people to deceive others? | J32: Slide Deck
A33: U3-C2L4 | B33: 3 | C33: The Drive to Deceive | D33: Cycle 2, Lesson 4 | E33: U3 C2L4 | F33: Read The Necklace by Guy de Maupassant. | G33: Today, I will read The Necklace by Guy de Maupassant. As I am reading, I will keep track of plot progression with my worksheet. By the end of class today, I will be able to analyze how themes of deception and truth are developed throughout The Necklace by providing specific textual evidence in The Necklace Worksheet and applying my analysis in the multiple choice questions. | H33: 9.RL.1A 9.RL.3B | I33: What drives people to deceive others? | J33: Slide Deck
A34: U3-C2L5 | B34: 3 | C34: The Drive to Deceive | D34: Cycle 2, Lesson 5 | E34: U3 C2L5 | F34: Learn poetic devices, then read and annotate “Siren Song” by Margaret Atwood | G34: Today I will complete my mid-quarter assessment in Studentvue. I will also learn about poetic devices before reading and annotating the poem Siren Song by Margaret Atwood. By the end of class today, I will show my understanding of poetic devices and character motivations through my annotations and short answers in the Siren Song worksheet. | H34: 9.RL.2.C | I34: What drives people to deceive others? | J34: Slide Deck | L34: The mid-quarter assessment in this lesson now has its own full day.
A35: U3-C3L1 | B35: 3 | C35: The Drive to Deceive | D35: Cycle 3, Lesson 1 | E35: U3 C3L1 | F35: Write my final draft of my essay on deception. | G35: Today I will write my final draft of my essay on deception. I will use the text, my deception tracker, my deception mind map, my draft, and my feedback to compose my final essay. By the end of class today, I will show my understanding of planning and organizing my writing, including a clear thesis statement, maintaining a central idea, and incorporating specific details into my response by incorporating all of those aspects into my final essay. | H35: 9.W.3 9.W.2.A 9.W.1iii | I35: What drives people to deceive others? | J35: Slid e Deck
A36: U4-C1L1 | B36: 4 | C36: Through Thick and Thin | D36: Cycle 1, Lesson 1 | E36: U4 C1L1 | F36: Analyze My Father’s Song.” I will do this to explaining author’s craft and style. | G36: Today, I will analyze My Father’s Song.” I will do this to explaining author’s craft and style. I will know I understand what I am learning when I independently read “My Papa’s Waltz” and correctly identify uses of author’s craft and perspective, and elaborate on my claims using textual evidence. | H36: 9.RL.2 AB 9.DSR C | I36: What makes relationships so complex? | J36: Slide Deck | K36: A theme is a universal idea, lesson, or message explored throughout a work of literature. Choose a theme and write an essay to persuade which two texts in this unit exemplify that theme. Consider how characters, plot, setting, tone, and/or point of view help develop the theme. Develop your ideas using specific reasons and examples from the texts you’ve selected.
A37: U4-C1L2 | B37: 4 | C37: Through Thick and Thin | D37: Cycle 1, Lesson 2 | E37: U4 C1L2 | F37: Read Reunion to analyze author’s style and craft. | G37: Today, I will read Reunion to analyze author’s style and craft. I will also learn about appositives and how they introduce clarifying information. I will know I understand what I am learning when I analyze plot, characters, and author’s style and craft in text-dependent questions about Reunion. | H37: 9.DSR.A&E 9.LU.E 9.RL.3B | I37: What makes relationships so complex? | J37: Slide Deck
A38: U4-C1L3 | B38: 4 | C38: Through Thick and Thin | D38: Cycle 1, Lesson 3 | E38: U4 C1L3 | F38: Compare the perspectives and viewpoints of two or more authors on their treatment of similar topics. | G38: Today, I will compare the perspectives and viewpoints of two or more authors on their treatment of similar topics. I will know I understand what I am learning when I can compose a persuasive writing piece that reflects my comprehension of “Papa’s Waltz” and Reunion. | H38: 9.RL.3B 9.RI.3A | I38: What makes relationships so complex? | J38: Slide Deck
A39: U4-C1L4 | B39: 4 | C39: Through Thick and Thin | D39: Cycle 1, Lesson 4 | E39: U4 C1L4 | F39: Compare the perspectives of two or more authors on their treatment of similar topics. | G39: Today, I will compare the perspectives of two or more authors on their treatment of similar topics. I will know I understand what I am learning when I complete a comparison organizer for “Children,” “The Possessive,” and “Parents’ Choice vs. Children’s Dreams” that includes details about the theme, perspective, and word choice from all three texts. | H39: 9.RL.3B 9.RI.3A | I39: What makes relationships so complex? | J39: Slide Deck
A40: U4-C1L5 | B40: 4 | C40: Through Thick and Thin | D40: Cycle 1, Lesson 5 | E40: U4 C1L5 | F40: Review the texts and concepts that I have read so far in Unit 4 to prepare for my Common Assessment. | G40: Today, I will review the texts and concepts that I have read so far in Unit 4 to prepare for my Common Assessment. I will know I understand what I am learning when I complete my brainstorm theme organizer for my Common Assessment. | H40: 9.DSR C 9.RL.3B 9.W.1.ii | I40: What makes relationships so complex? | J40: Slide Deck
A41: U4-C2L1 | B41: 4 | C41: Through Thick and Thin | D41: Cycle 2, Lesson 1 | E41: U4 C2L1 | F41: Read and analyze The Scarlet Ibis to determine the impact of literary elements on the meaning of the text as a whole. | G41: Today I will read and analyze The Scarlet Ibis to determine the impact of literary elements on the meaning of the text as a whole. I will know I am successful when I have completed the guided questions and participated in classroom discussion. | H41: 9.RL.3B | I41: What makes relationships so complex? | J41: Slide Deck
A42: U4-C2L2 | B42: 4 | C42: Through Thick and Thin | D42: Cycle 2, Lesson 2 | E42: U4 C2L2 | F42: Review the texts and concepts that I have read so far in Unit 4 to prepare for my Common Assessment. | G42: Today, I will review the texts and concepts that I have read so far in Unit 4 to prepare for my Common Assessment. I will know I understand what I am learning when I revise my brainstorm theme organizer for my Common Assessment and begin my rough draft. | H42: 9.DSR.C 9.RL.1.C 9.RL.3.B 9.W.1.ii | I42: What makes relationships so complex? | J42: Slide Deck
A43: U5-C1L1 | B43: 5 | C43: The Road Less Traveled | D43: Cycle 1, Lesson 1 | E43: U5 C1L1 | F43: Explain the development of characters and setting in To Kill a Mockingbird. | G43: By the end of class, I will be able to explain the development of characters and setting in To Kill a Mockingbird. I will know I’m successful when I can use my chapter 1 notes to write a paragraph detailing the importance of characters and setting in the novel. | H43: 9 RL.1.A | I43: How do the choices we make influence our personal growth and the world around us? | J43: Slide Deck | K43: Authors have characters face difficult situations that challenge their values and force them to confront the kind of person they have become or are becoming. Reflect on the various characters you met during this unit. Select a character and analyze their character development within the text. Use specific examples from the text.
A44: U5-C1L2 | B44: 5 | C44: The Road Less Traveled | D44: Cycle 1, Lesson 2 | E44: U5 C1L2 | F44: Explain the development of themes in a novel. | G44: By the end of class, I will be able to explain the development of themes in a novel. I will know I’m successful when I can use textual evidence to explain the initial impression of characters in chapters 1-2 of To Kill a Mockingbird. | H44: 9 RL.1.A | I44: How do the choices we make influence our personal growth and the world around us? | J44: Slide Deck
A45: U5-C1L3 | B45: 5 | C45: The Road Less Traveled | D45: Cycle 1, Lesson 3 | E45: U5 C1L3 | F45: Explain the development of themes through character conflict. | G45: By the end of class, I will be able to explain the development of themes through character conflict. I will know I’m successful when I can use textual evidence to explain the development of characters through the conflict in chapter 3 in To Kill a Mockingbird. | H45: 9RL.1.A | I45: How do the choices we make influence our personal growth and the world around us? | J45: Slide Deck
A46: U5-C1L4 | B46: 5 | C46: The Road Less Traveled | D46: Cycle 1, Lesson 4 | E46: U5 C1L4 | F46: Explain how conflict shapes the plot of a novel. | G46: By the end of class, I will be able to explain how conflict shapes the plot of a novel. I will know I’m successful when I can use textual evidence to explain how the plot has affected the characters in chapters 4-7 of To Kill a Mockingbird. | H46: 9 RL.3.B | I46: How do the choices we make influence our personal growth and the world around us? | J46: Slide Deck
A47: U5-C1L5 | B47: 5 | C47: The Road Less Traveled | D47: Cycle 1, Lesson 5 | E47: U5 C1L5 | F47: Explain the development of characters in a novel.I will know I’m successful when I can use textual evidence to respond to text-dependent questions and document important character details on my Character Tracker. | G47: By the end of class, I will be able to explain the development of characters in a novel.I will know I’m successful when I can use textual evidence to respond to text-dependent questions and document important character details on my Character Tracker. | H47: 9RL.3.B | I47: How do the choices we make influence our personal growth and the world around us? | J47: Slide Deck
A48: U5-C2L1 | B48: 5 | C48: The Road Less Traveled | D48: Cycle 2, Lesson 1 | E48: U5 C2L1 | F48: Explain the development of characters and themes in a novel. | G48: By the end of class today, I will be able to explain the development of characters and themes in a novel. I will know I’m successful when I can use my notes and discussion to explain how Scout’s development as a character impacts the novel as a whole. | H48: 9 RL.1.A | I48: How do the choices we make influence our personal growth and the world around us? | J48: Slide Deck
A49: U5-C2L2 | B49: 5 | C49: The Road Less Traveled | D49: Cycle 2, Lesson 2 | E49: U5 C2L2 | F49: Explain the relationships between and among particular literary elements of a story. | G49: By the end of class today, I will be able to explain the relationships between and among particular literary elements of a story. I will know I’m successful when I can explain the development of Scout and Jem and its impact on the coming of age concept of the novel. | H49: 9 RL.3.B | I49: How do the choices we make influence our personal growth and the world around us? | J49: Slide Deck
A50: U5-C2L3 | B50: 5 | C50: The Road Less Traveled | D50: Cycle 2, Lesson 3 | E50: U5 C2L3 | F50: Explain how the plot of a story impacts the character development and theme. | G50: By the end of class today, I will be able to explain how the plot of a story impacts the character development and theme. I will know I’m successful when I can explain which chapter in this section of the novel is the most important with textual evidence. | H50: 9.RL.3.B | I50: How do the choices we make influence our personal growth and the world around us? | J50: Slide Deck
A51: U5-C2L4 | B51: 5 | C51: The Road Less Traveled | D51: Cycle 2, Lesson 4 | E51: U5 C2L4 | F51: Craft a piece of writing for a specific audience and purpose. | G51: By the end of class today, I will be able to craft a piece of writing for a specific audience and purpose. I will know I’m successful when I can write a letter to Scout with advice or encouragement, using details from chapter 16 to support my ideas. | H51: 9,RL.1.A 9.W.1.C | I51: How do the choices we make influence our personal growth and the world around us? | J51: Slide Deck
A52: U5-C2L5 | B52: 5 | C52: The Road Less Traveled | D52: Cycle 2, Lesson 5 | E52: U5 C2L5 | F52: Explain the impact of a character’s perspective on a thematic concept. | G52: By the end of class today, I will be able to explain the impact of a character’s perspective on a thematic concept. I will know I’m successful when I can use details from chapter 17 to articulate how Scout’s perspective affects the idea of justice and injustice in To Kill a Mockingbird. | H52: 9.RL.1.A | I52: How do the choices we make influence our personal growth and the world around us? | J52: Slide Deck
A53: U5-C3L1 | B53: 5 | C53: The Road Less Traveled | D53: Cycle 3, Lesson 1 | E53: U5 C3L1 | F53: Explain the development of a character’s perspective and its effect on the novel as a whole. | G53: By the end of class today, I will be able to explain the development of a character’s perspective and its effect on the novel as a whole. I will know I’m successful when I can write a letter to the author explaining my evaluation of Scout as a narrator in To Kill a Mockingbird with textual details. | H53: 9.RL.1.A | I53: How do the choices we make influence our personal growth and the world around us? | J53: Slide Deck
A54: U5-C3L2 | B54: 5 | C54: The Road Less Traveled | D54: Cycle 3, Lesson 2 | E54: U5 C3L2 | F54: Explain how an author’s specific word choices and voice shape the meaning of a text. | G54: By the end of class today, I will be able to explain how an author’s specific word choices and voice shape the meaning of a text. I will know I’m successful when I can use details to explain how Tom Robinson’s testimony in To Kill a Mockingbird affects the reader and shapes the text. | H54: 9.RL.2.B | I54: How do the choices we make influence our personal growth and the world around us? | J54: Slide Deck
A55: U5-C3L3 | B55: 5 | C55: The Road Less Traveled | D55: Cycle 3, Lesson 3 | E55: U5 C3L3 | F55: Plan and draft an introduction and body paragraph on a given prompt. | G55: By the end of class today, I will be able to plan and draft an introduction and body paragraph on a given prompt. I will know I’m successful when I can use my evidence tracker and teacher notes to plan and draft the introduction and at least one body paragraph for my Unit 5 Common Assessment. | H55: 9.RL.2.B 9.W.2.A.i-ii | I55: How do the choices we make influence our personal growth and the world around us? | J55: Slide Deck
... A62: U5-C4L5 | B62: 5 | C62: The Road Less Traveled | D62: Cycle 4, Lesson 5 | E62: U5 C4L5 | F62: Explain implied themes in a novel. | G62: By the end of class today, I will be able to explain implied themes in a novel. I will know I’m successful when I can use textual evidence from the novel to support a specific theme from To Kill a Mockingbird. | H62: 9.RL.1.A | I62: How do the choices we make influence our personal growth and the world around us? | J62: Slide Deck
A63: U5-C5L1 | B63: 5 | C63: The Road Less Traveled | D63: Cycle 5, Lesson 1 | E63: U5 C5L1 | F63: Read and analyze literary and informational texts. | G63: By the end of class today, I will be able to read and analyze literary and informational texts. I will know I’m successful when I can complete the benchmark exam successfully. | H63: 9.RL 9.RI | I63: How do the choices we make influence our personal growth and the world around us? | J63: Slide Deck | L63: This lesson is the Q3 benchmark. It is scheduled as the Q3 Benchmark assessment day, so it is not in the pacing list.
A64: U5-C5L2 | B64: 5 | C64: The Road Less Traveled | D64: Cycle 5, Lesson 2 | E64: U5 C5L2 | F64: Examine and analyze the characteristics of literature that contribute to the development of theme. | G64: By the end of class today, I will be able to examine and analyze the characteristics of literature that contribute to the development of theme. I will know I’m successful when I can use textual evidence to answer critical-thinking, synthesizing, and analytical questions on To Kill a Mockingbird, as well as begin my draft for my Unit 5 Common Assessment essay. | H64: 9.RL.1.A 9.RL.1.C 9.RL.2.B | I64: How do the choices we make influence our personal growth and the world around us? | J64: Slide Deck
A65: U5-C5L3 | B65: 5 | C65: The Road Less Traveled | D65: Cycle 5, Lesson 3 | E65: U5 C5L3 | F65: Examine and analyze the characteristics of literature that contribute to the development of theme. | G65: By the end of class today, I will be able to examine and analyze the characteristics of literature that contribute to the development of theme. I will know I’m successful when I can use textual support to explain the development of themes in To Kill a Mockingbird during the Socratic Seminar, as well as finalize my draft for my Unit 5 Common Assessment essay. | H65: 9.RL.1.A 9.RL.1.C 9.RL.2.B | I65: How do the choices we make influence our personal growth and the world around us? | J65: Slide Deck
A66: U6-C1L1 | B66: 6 | C66: The Power of Pen & Page | D66: Cycle 1, Lesson 1 | E66: U6 C1L1 | F66: Read Martin Luther King Jr.’s Letter from Birmingham Jail. | G66: Today, I will read Martin Luther King Jr.’s Letter from Birmingham Jail. I will keep track of how the language, purpose, and audience reflects the time period in which it was written using the guiding questions and my notes catcher. By the end of class, I will show my understanding by participating in class discussions, responding to the guiding questions, and completing the appropriate section of my notes catcher. | H66: DSR.C, 9.RI.1.A, 9.RI.1.C, 9.RI.12.C | I66: How does the written word shape our understanding of the world and influence social change? | J66: Slide Deck | K66: Common AssessmentCompare and contrast the impact of two influential pieces of writing - one from the past (Martin Luther King, Jr.’s “Letter from Birmingham Jail” or Abraham Lincoln’s “Gettysburg Address”) and one from the present (Biden’s Inauguration Speech, Trump’s 2017 Speech or Trump’s 2024 speech). These texts have contributed to social change or influenced public opinion. How do the language, purpose, and audience of these texts reflect the time period in which they were written, and what lasting effects have they had on society?
A67: U6-C1L2 | B67: 6 | C67: The Power of Pen & Page | D67: Cycle 1, Lesson 2 | E67: U6 C1L2 | F67: Analyze how authors use rhetorical strategies to create ethos, logos, and pathos and impact the reader I will also use parallel structure across sentences and paragraphs to link and compare/contrast in writing, By the end of class, I will show my understanding by participating in class discussions, completing No Red Ink exercises, and completing the appropriate section of my notes catcher. | G67: Today, I will analyze how authors use rhetorical strategies to create ethos, logos, and pathos and impact the reader I will also use parallel structure across sentences and paragraphs to link and compare/contrast in writing, By the end of class, I will show my understanding by participating in class discussions, completing No Red Ink exercises, and completing the appropriate section of my notes catcher. | H67: DSR.C, 9.RI.1.A, 9.RI.1.C, 9.RI.12.C, 9.LU.1.A | I67: How does the written word shape our understanding of the world and influence social change? | J67: Slide Deck
A68: U6-C1L3 | B68: 6 | C68: The Power of Pen & Page | D68: Cycle 1, Lesson 3 | E68: U6 C1L3 | F68: Read The Gettysburg Address by Abraham Lincoln. | G68: Today, I will read The Gettysburg Address by Abraham Lincoln. I will keep track of how the language, purpose, and audience reflects the time period in which it was written. By the end of class, I will show my understanding by participating in class discussions, responding to the guiding questions, and completing the appropriate section of my notes catcher. | H68: DSR.C, 9.RI.1.A, 9.RI.1.C, 9.RI.2.B | I68: How does the written word shape our understanding of the world and influence social change? | J68: Slide Deck
A69: U6-C1L4 | B69: 6 | C69: The Power of Pen & Page | D69: Cycle 1, Lesson 4 | E69: U6 C1L4 | F69: Read”Only Daughter” by Sandra Cisneros. | G69: Today, I will read”Only Daughter” by Sandra Cisneros. I will analyze the development of implied themes over the course of the text and the relationship of characters, setting, and plot to those themes. I will also use context to clarify the meanings of words. By the end of class, I will show my understanding by participating in class discussions and responding to the guiding questions. | H69: 9.RV.B, 9.RL.1.A, 9.DSR.C | I69: How does the written word shape our understanding of the world and influence social change? | J69: Slide Deck
A70: U6-C1L5 | B70: 6 | C70: The Power of Pen & Page | D70: Cycle 1, Lesson 5 | E70: U6 C1L5 | F70: Read “To Be of Use” and “For the young who want to” by Marge Piercy. | G70: Today, I will read “To Be of Use” and “For the young who want to” by Marge Piercy. I will explain implied themes and analyze the use of literary devices in poetry to convey a message and elicit emotions. By the end of class, I will show my understanding by participating in class discussions, responding to the guiding questions, and examining the use of parallel structure in the text. | H70: 9.DSR.C, 9.RL.1.A, 9.RL.2.A | I70: How does the written word shape our understanding of the world and influence social change? | J70: Slide Deck
A71: U6-C2L1 | B71: 6 | C71: The Power of Pen & Page | D71: Cycle 2, Lesson 1 | E71: U6 C2L1 | F71: Read “Indian Education” by Sherman Alexie. | G71: Today, I will read “Indian Education” by Sherman Alexie. I will examine the theme of this text and the relationship of characters, setting, and plot. By the end of class, I will show my understanding by participating in class discussions and responding to the guiding questions. | H71: 9.DSR.C, 9.RL.1.A 9.RL.2.B | I71: How does the written word shape our understanding of the world and influence social change? | J71: Slide Deck
A72: U6-C2L2 | B72: 6 | C72: The Power of Pen & Page | D72: Cycle 2, Lesson 2 | E72: U6 C2L2 | F72: Read the poem“Saying Yes.” I will analyze how authors use rhetorical strategies to create ethos, logos, and pathos and impact the reader. | G72: Today, I will read the poem“Saying Yes.” I will analyze how authors use rhetorical strategies to create ethos, logos, and pathos and impact the reader. By the end of class, I will show my understanding by completing the Guiding Questions and the specified section of my Common Assessment Tracker. | H72: 9.DSR.C 9.RL.2.A 9.RL.2.B 9.RI.2.B | I72: How does the written word shape our understanding of the world and influence social change? | J72: Slide Deck
A73: U6-C2L3 | B73: 6 | C73: The Power of Pen & Page | D73: Cycle 2, Lesson 3 | E73: U6 C2L3 | F73: Analyze how authors use rhetorical devices to create ethos, logos, and pathos and impact the reader. | G73: Today, I will analyze how authors use rhetorical devices to create ethos, logos, and pathos and impact the reader. By the end of class, I will demonstrate my understanding by participating in class discussions and completing a Comparison/Contrast Graphic Organizer. | H73: 9.DSR.C, 9.RI.1.A 9.RI.1.C 9.RI.2.B, 9.RI.2.C | I73: How does the written word shape our understanding of the world and influence social change? | J73: Slide Deck
A74: U6-C2L4 | B74: 6 | C74: The Power of Pen & Page | D74: Cycle 2, Lesson 4 | E74: U6 C2L4 | F74: Plan and organize my writing. | G74: Today, I will plan and organize my writing. I will organize my ideas, with evidence, in a logical sequence. By the end of class, I will have completed my common assessment essay in No Red Ink. | H74: 9.W.1.A. i, ii, iii, iv, 9.W.2.A.i, ii, iii, 9.W.3.A 9.W.3.C | I74: How does the written word shape our understanding of the world and influence social change? | J74: Slide Deck
A75: U7-C1L1 | B75: 7 | C75: Perspectives & Principles | D75: Cycle 1, Lesson 1 | E75: U7 C1L1 | F75: Read “The Most Dangerous Game” by Richard Connell to examine the theme of this text and the relationship of characters, setting, and plot. | G75: Today, I will read “The Most Dangerous Game” by Richard Connell to examine the theme of this text and the relationship of characters, setting, and plot. By the end of class, I will show my understanding by participating in class discussions and responding to the guiding questions. | H75: 9.RL.1.A 9.RL.1.C 9.RL.3.B | I75: What factors shape our values and beliefs? | J75: Slide Deck | K75: Common Assessment: Students will write a well-developed expository essay and create a corresponding visual. Specific details are located in the slide decks.
A76: U7-C1L2 | B76: 7 | C76: Perspectives & Principles | D76: Cycle 1, Lesson 2 | E76: U7 C1L2 | F76: Read “The Most Dangerous Game” by Richard Connell to examine the theme of this text and the relationship of characters, setting, and plot. | G76: Today, I will read “The Most Dangerous Game” by Richard Connell to examine the theme of this text and the relationship of characters, setting, and plot. By the end of class, I will show my understanding by participating in class discussions and responding to the guiding questions. | H76: 9.RL.1.A 9.RL.1.C 9.RL.3.B | I76: What factors shape our values and beliefs? | J76: Slide Deck
A77: U7-C1L3 | B77: 7 | C77: Perspectives & Principles | D77: Cycle 1, Lesson 3 | E77: U7 C1L3 | F77: Read “The Most Dangerous Game” by Richard Connell to examine the theme of this text and the relationship of characters, setting, and plot. | G77: Today, I will read “The Most Dangerous Game” by Richard Connell to examine the theme of this text and the relationship of characters, setting, and plot. By the end of class, I will show my understanding by participating in class discussions and responding to the guiding questions. | H77: 9.RL.1.A 9.RL.1.C 9.RL.3.B | I77: What factors shape our values and beliefs? | J77: Slide Deck
A78: U7-C1L4 | B78: 7 | C78: Perspectives & Principles | D78: Cycle 1, Lesson 4 | E78: U7 C1L4 | F78: Demonstrate my understanding of the short story “The Most Dangerous Game” by Richard Connell by completing an assessment. | G78: Today, I will demonstrate my understanding of the short story “The Most Dangerous Game” by Richard Connell by completing an assessment. I’ve got it when I am able to respond to multiple choice and short answer questions. | H78: 9.RL.1.A 9.RL.1.C 9.RL.3.B | I78: What factors shape our values and beliefs? | J78: Slide Deck
A79: U7-C1L5 | B79: 7 | C79: Perspectives & Principles | D79: Cycle 1, Lesson 5 | E79: U7 C1L5 | F79: Review the rules for using consistent verb tense when speaking and writing. | G79: Today, I will review the rules for using consistent verb tense when speaking and writing. I will also demonstrate my ability to write in various forms by beginning to brainstorm and draft the common assessment for this unit. | H79: 9.LU.1.E 9.W.2i, ii, iii | I79: What factors shape our values and beliefs? | J79: Slide Deck
A80: U7-C2L1 | B80: 7 | C80: Perspectives & Principles | D80: Cycle 2, Lesson 1 | E80: U7 C2L1 | F80: Read “The Devil” by Guy de Maupassant to examine the theme of the text and the relationship of characters, setting, and plot. | G80: Today, I will read “The Devil” by Guy de Maupassant to examine the theme of the text and the relationship of characters, setting, and plot. By the end of class, I will show my understanding by responding to guided reading questions and participating in a silent conversation with my classmates. | H80: 9.DSR.C 9.RL.1.A 9.RL.1.C | I80: What factors shape our values and beliefs? | J80: Slide Deck
A81: U7-C2L2 | B81: 7 | C81: Perspectives & Principles | D81: Cycle 2, Lesson 2 | E81: U7 C2L2 | F81: Complete a mini assessment on “An Uncomfortable Bed” and the pre-writing organizer for my Unit 7 common assessment. | G81: Today, I will complete a mini assessment on “An Uncomfortable Bed” and the pre-writing organizer for my Unit 7 common assessment. By the end of class, I will show my understanding by responding to multiple choice and short answer questions correctly and completing the pre-writing document for the Common Assessment. | H81: 9.DSR.C 9.RL.1.A 9.RL.1.C 9.W.2.A (i-iv) 9.W.3.A 9.W.3.C 9.LU.1.B 9.LU.1.E | I81: What factors shape our values and beliefs? | J81: Slide Deck
A82: U7-C2L3 | B82: 7 | C82: Perspectives & Principles | D82: Cycle 2, Lesson 3 | E82: U7 C2L3 | F82: Engage in reading, writing, research, and discussion to examine perspectives on technology use. | G82: Today, I will engage in reading, writing, research, and discussion to examine perspectives on technology use. By the end of class, I’ll be able to participate in station rotations, collaborate with my peers, and complete my exit ticket. | H82: 9.DSR.C 9.RI.1.B 9.RI.3 9.W.2.A (i-v) | I82: What factors shape our values and beliefs? | J82: Slide Deck
A83: U1-W1L1+2 | B83: 1 | C83: Unleashing Influence | D83: Week 1, Lesson 1 + Week 1, Lesson 2 | E83: U1 W1L1+2 | F83: Understand what opportunities I have in high school. + Understand the skills and requirements at each grade level needed to pursue a successful high school career. | G83: I will be able to understand what opportunities I have in high school. I will learn the criteria for participating in those opportunities.I will know I am successful when I have identified my goals for high school and the path needed to achieve them. | I will be able to understand the skills and requirements at each grade level needed to pursue a successful high school career. | H83: 9.W.1 9.C.1A.i, 9.DSR.A 9.DSR.B 9.RI.1.A 9.C.1A.i | I83: How does the influence of media, education, and people shape our view of the world and ourselves? | J83: Slide Deck | K83: Consider the people, events, and media both inside and outside of school (ex: parent, grandparent, godparent, sibling, teacher, pastor, birth, death, graduation, birthday, anniversary, Instagram, TikTok, Snap Chat, Facebook, television, game, or other social media platforms). Explain how one of those elements, whether positively or negatively, has influenced the way you view yourself or the world. Use personal experiences, elaboration, and details to support your essay. | L83: Combined to make room for full-day assessments.
A84: U2-C2L3+4 | B84: 2 | C84: Challenge Accepted! | D84: Cycle 2, Lesson 3 + Cycle 2, Lesson 4 | E84: U2 C2L3+4 | F84: Complete my Common Assessment Tracker and review the tenants of the comparison contrast essay in preparation for writing my Unit 2 Common Assessment. | G84: Today, I will complete my Common Assessment Tracker and review the tenants of the comparison contrast essay in preparation for writing my Unit 2 Common Assessment. I will know I’ve got it when I can use my writing organizer, Common Assessment Tracker, and my notes on writing to develop the thesis statement and introductory paragraph for my common assessment. | H84: 9.RL.1A, 9.RL.1.A, 9.W.1.A.i-iv, 9.W.2.A.i-iv | I84: How do the challenges of life affect a person? | J84: Slide Deck | L84: Combined: both lessons have the same learning target.
A85: U7-C1L2+3 | B85: 7 | C85: Perspectives & Principles | D85: Cycle 1, Lesson 2 + Cycle 1, Lesson 3 | E85: U7 C1L2+3 | F85: Read “The Most Dangerous Game” by Richard Connell to examine the theme of this text and the relationship of characters, setting, and plot. | G85: Today, I will read “The Most Dangerous Game” by Richard Connell to examine the theme of this text and the relationship of characters, setting, and plot. By the end of class, I will show my understanding by participating in class discussions and responding to the guiding questions. | H85: 9.RL.1.A 9.RL.1.C 9.RL.3.B | I85: What factors shape our values and beliefs? | J85: Slide Deck | L85: Combined: finish reading “The Most Dangerous Game” in two blocks instead of three.
A86: Q1-MQ | D86: Assessment (full block) | E86: Q1 MQ | F86: Q1 English 9 Mid-Quarter (MQ) | K86: Testing window 09/23/2026 to 10/06/2026
A87: Q1-BM | D87: Assessment (full block) | E87: Q1 Benchmark | F87: Q1 English 9 Benchmark | K87: Testing window 10/28/2026 to 11/11/2026
A88: Q2-MQ | D88: Assessment (full block) | E88: Q2 MQ | F88: Q2 English 9 Mid-Quarter (MQ) | K88: Testing window 12/07/2026 to 12/18/2026
A89: Q2-BM | D89: Assessment (full block) | E89: Q2 Benchmark | F89: Q2 English 9 Benchmark | K89: Testing window 01/19/2027 to 02/03/2027
A90: LPA | D90: Assessment (full block) | E90: LPA | F90: LPA (Grades 9-11) | K90: Testing window 02/08/2027 to 02/12/2027
A91: Q3-MQ | D91: Assessment (full block) | E91: Q3 MQ | F91: Q3 English 9 Mid-Quarter (MQ) | K91: Testing window 02/24/2027 to 03/09/2027
A92: Q3-BM | D92: Assessment (full block) | E92: Q3 Benchmark | F92: Q3 English 9 Benchmark | K92: Testing window 03/29/2027 to 04/19/2027
A93: Q4-MQ | D93: Assessment (full block) | E93: Q4 MQ | F93: Q4 English 9 Mid-Quarter (MQ) | K93: Testing window 05/17/2027 to 05/28/2027
A94: Q4-BM | D94: Assessment (full block) | E94: Q4 Benchmark | F94: Q4 English 9 Benchmark | K94: Testing window 06/03/2027 to 06/16/2027
A95: FLEX | D95: Flex day | E95: Flex | F95: Catch-up, reteach, or review | L95: Use for catch-up, a snow day, or extra review.

Sheet Purple
A1: Date | B1: Day | C1: Quarter | D1: Class # | E1: Lesson ID | F1: Unit | G1: Lesson | H1: Lesson focus | I1: Standards | J1: Calendar label | K1: Calendar notes | L1: My notes
A2: 46258 | B2: Mon | C2: Q1 | D2: =ROW()-1 | E2: U1-W1L1+2 | F2: =IFERROR(VLOOKUP($E2,'Lesson Bank'!$A:$L,3,FALSE)&"","") | G2: =IFERROR(VLOOKUP($E2,'Lesson Bank'!$A:$L,4,FALSE)&"","") | H2: =IFERROR(VLOOKUP($E2,'Lesson Bank'!$A:$L,6,FALSE)&"","") | I2: =IFERROR(VLOOKUP($E2,'Lesson Bank'!$A:$L,8,FALSE)&"","") | J2: =IFERROR(VLOOKUP($E2,'Lesson Bank'!$A:$L,5,FALSE),$E2) | K2: First day of school
A3: 46260 | B3: Wed | C3: Q1 | D3: =ROW()-1 | E3: U1-W2L1 | F3: =IFERROR(VLOOKUP($E3,'Lesson Bank'!$A:$L,3,FALSE)&"","") | G3: =IFERROR(VLOOKUP($E3,'Lesson Bank'!$A:$L,4,FALSE)&"","") | H3: =IFERROR(VLOOKUP($E3,'Lesson Bank'!$A:$L,6,FALSE)&"","") | I3: =IFERROR(VLOOKUP($E3,'Lesson Bank'!$A:$L,8,FALSE)&"","") | J3: =IFERROR(VLOOKUP($E3,'Lesson Bank'!$A:$L,5,FALSE),$E3)
A4: 46262 | B4: Fri | C4: Q1 | D4: =ROW()-1 | E4: U1-W2L2 | F4: =IFERROR(VLOOKUP($E4,'Lesson Bank'!$A:$L,3,FALSE)&"","") | G4: =IFERROR(VLOOKUP($E4,'Lesson Bank'!$A:$L,4,FALSE)&"","") | H4: =IFERROR(VLOOKUP($E4,'Lesson Bank'!$A:$L,6,FALSE)&"","") | I4: =IFERROR(VLOOKUP($E4,'Lesson Bank'!$A:$L,8,FALSE)&"","") | J4: =IFERROR(VLOOKUP($E4,'Lesson Bank'!$A:$L,5,FALSE),$E4)
A5: 46266 | B5: Tue | C5: Q1 | D5: =ROW()-1 | E5: U1-W2L3 | F5: =IFERROR(VLOOKUP($E5,'Lesson Bank'!$A:$L,3,FALSE)&"","") | G5: =IFERROR(VLOOKUP($E5,'Lesson Bank'!$A:$L,4,FALSE)&"","") | H5: =IFERROR(VLOOKUP($E5,'Lesson Bank'!$A:$L,6,FALSE)&"","") | I5: =IFERROR(VLOOKUP($E5,'Lesson Bank'!$A:$L,8,FALSE)&"","") | J5: =IFERROR(VLOOKUP($E5,'Lesson Bank'!$A:$L,5,FALSE),$E5)
A6: 46268 | B6: Thu | C6: Q1 | D6: =ROW()-1 | E6: U1-W3L1 | F6: =IFERROR(VLOOKUP($E6,'Lesson Bank'!$A:$L,3,FALSE)&"","") | G6: =IFERROR(VLOOKUP($E6,'Lesson Bank'!$A:$L,4,FALSE)&"","") | H6: =IFERROR(VLOOKUP($E6,'Lesson Bank'!$A:$L,6,FALSE)&"","") | I6: =IFERROR(VLOOKUP($E6,'Lesson Bank'!$A:$L,8,FALSE)&"","") | J6: =IFERROR(VLOOKUP($E6,'Lesson Bank'!$A:$L,5,FALSE),$E6)
A7: 46274 | B7: Wed | C7: Q1 | D7: =ROW()-1 | E7: U1-W3L2 | F7: =IFERROR(VLOOKUP($E7,'Lesson Bank'!$A:$L,3,FALSE)&"","") | G7: =IFERROR(VLOOKUP($E7,'Lesson Bank'!$A:$L,4,FALSE)&"","") | H7: =IFERROR(VLOOKUP($E7,'Lesson Bank'!$A:$L,6,FALSE)&"","") | I7: =IFERROR(VLOOKUP($E7,'Lesson Bank'!$A:$L,8,FALSE)&"","") | J7: =IFERROR(VLOOKUP($E7,'Lesson Bank'!$A:$L,5,FALSE),$E7)
A8: 46276 | B8: Fri | C8: Q1 | D8: =ROW()-1 | E8: U1-W4L1 | F8: =IFERROR(VLOOKUP($E8,'Lesson Bank'!$A:$L,3,FALSE)&"","") | G8: =IFERROR(VLOOKUP($E8,'Lesson Bank'!$A:$L,4,FALSE)&"","") | H8: =IFERROR(VLOOKUP($E8,'Lesson Bank'!$A:$L,6,FALSE)&"","") | I8: =IFERROR(VLOOKUP($E8,'Lesson Bank'!$A:$L,8,FALSE)&"","") | J8: =IFERROR(VLOOKUP($E8,'Lesson Bank'!$A:$L,5,FALSE),$E8)
A9: 46280 | B9: Tue | C9: Q1 | D9: =ROW()-1 | E9: U1-W4L2 | F9: =IFERROR(VLOOKUP($E9,'Lesson Bank'!$A:$L,3,FALSE)&"","") | G9: =IFERROR(VLOOKUP($E9,'Lesson Bank'!$A:$L,4,FALSE)&"","") | H9: =IFERROR(VLOOKUP($E9,'Lesson Bank'!$A:$L,6,FALSE)&"","") | I9: =IFERROR(VLOOKUP($E9,'Lesson Bank'!$A:$L,8,FALSE)&"","") | J9: =IFERROR(VLOOKUP($E9,'Lesson Bank'!$A:$L,5,FALSE),$E9)
A10: 46282 | B10: Thu | C10: Q1 | D10: =ROW()-1 | E10: U1-W4L3 | F10: =IFERROR(VLOOKUP($E10,'Lesson Bank'!$A:$L,3,FALSE)&"","") | G10: =IFERROR(VLOOKUP($E10,'Lesson Bank'!$A:$L,4,FALSE)&"","") | H10: =IFERROR(VLOOKUP($E10,'Lesson Bank'!$A:$L,6,FALSE)&"","") | I10: =IFERROR(VLOOKUP($E10,'Lesson Bank'!$A:$L,8,FALSE)&"","") | J10: =IFERROR(VLOOKUP($E10,'Lesson Bank'!$A:$L,5,FALSE),$E10)
A11: 46286 | B11: Mon | C11: Q1 | D11: =ROW()-1 | E11: U1-W5L1 | F11: =IFERROR(VLOOKUP($E11,'Lesson Bank'!$A:$L,3,FALSE)&"","") | G11: =IFERROR(VLOOKUP($E11,'Lesson Bank'!$A:$L,4,FALSE)&"","") | H11: =IFERROR(VLOOKUP($E11,'Lesson Bank'!$A:$L,6,FALSE)&"","") | I11: =IFERROR(VLOOKUP($E11,'Lesson Bank'!$A:$L,8,FALSE)&"","") | J11: =IFERROR(VLOOKUP($E11,'Lesson Bank'!$A:$L,5,FALSE),$E11)
A12: 46288 | B12: Wed | C12: Q1 | D12: =ROW()-1 | E12: Q1-MQ | F12: =IFERROR(VLOOKUP($E12,'Lesson Bank'!$A:$L,3,FALSE)&"","") | G12: =IFERROR(VLOOKUP($E12,'Lesson Bank'!$A:$L,4,FALSE)&"","") | H12: =IFERROR(VLOOKUP($E12,'Lesson Bank'!$A:$L,6,FALSE)&"","") | I12: =IFERROR(VLOOKUP($E12,'Lesson Bank'!$A:$L,8,FALSE)&"","") | J12: =IFERROR(VLOOKUP($E12,'Lesson Bank'!$A:$L,5,FALSE),$E12)
A13: 46290 | B13: Fri | C13: Q1 | D13: =ROW()-1 | E13: U1-W5L2 | F13: =IFERROR(VLOOKUP($E13,'Lesson Bank'!$A:$L,3,FALSE)&"","") | G13: =IFERROR(VLOOKUP($E13,'Lesson Bank'!$A:$L,4,FALSE)&"","") | H13: =IFERROR(VLOOKUP($E13,'Lesson Bank'!$A:$L,6,FALSE)&"","") | I13: =IFERROR(VLOOKUP($E13,'Lesson Bank'!$A:$L,8,FALSE)&"","") | J13: =IFERROR(VLOOKUP($E13,'Lesson Bank'!$A:$L,5,FALSE),$E13)
A14: 46294 | B14: Tue | C14: Q1 | D14: =ROW()-1 | E14: U2-C1L1 | F14: =IFERROR(VLOOKUP($E14,'Lesson Bank'!$A:$L,3,FALSE)&"","") | G14: =IFERROR(VLOOKUP($E14,'Lesson Bank'!$A:$L,4,FALSE)&"","") | H14: =IFERROR(VLOOKUP($E14,'Lesson Bank'!$A:$L,6,FALSE)&"","") | I14: =IFERROR(VLOOKUP($E14,'Lesson Bank'!$A:$L,8,FALSE)&"","") | J14: =IFERROR(VLOOKUP($E14,'Lesson Bank'!$A:$L,5,FALSE),$E14)
... A45: 46402 | B45: Fri | C45: Q2 | D45: =ROW()-1 | E45: U5-C1L2 | F45: =IFERROR(VLOOKUP($E45,'Lesson Bank'!$A:$L,3,FALSE)&"","") | G45: =IFERROR(VLOOKUP($E45,'Lesson Bank'!$A:$L,4,FALSE)&"","") | H45: =IFERROR(VLOOKUP($E45,'Lesson Bank'!$A:$L,6,FALSE)&"","") | I45: =IFERROR(VLOOKUP($E45,'Lesson Bank'!$A:$L,8,FALSE)&"","") | J45: =IFERROR(VLOOKUP($E45,'Lesson Bank'!$A:$L,5,FALSE),$E45)
A46: 46414 | B46: Wed | C46: Q3 | D46: =ROW()-1 | E46: Q2-BM | F46: =IFERROR(VLOOKUP($E46,'Lesson Bank'!$A:$L,3,FALSE)&"","") | G46: =IFERROR(VLOOKUP($E46,'Lesson Bank'!$A:$L,4,FALSE)&"","") | H46: =IFERROR(VLOOKUP($E46,'Lesson Bank'!$A:$L,6,FALSE)&"","") | I46: =IFERROR(VLOOKUP($E46,'Lesson Bank'!$A:$L,8,FALSE)&"","") | J46: =IFERROR(VLOOKUP($E46,'Lesson Bank'!$A:$L,5,FALSE),$E46) | K46: Second semester begins
A47: 46416 | B47: Fri | C47: Q3 | D47: =ROW()-1 | E47: U5-C1L3 | F47: =IFERROR(VLOOKUP($E47,'Lesson Bank'!$A:$L,3,FALSE)&"","") | G47: =IFERROR(VLOOKUP($E47,'Lesson Bank'!$A:$L,4,FALSE)&"","") | H47: =IFERROR(VLOOKUP($E47,'Lesson Bank'!$A:$L,6,FALSE)&"","") | I47: =IFERROR(VLOOKUP($E47,'Lesson Bank'!$A:$L,8,FALSE)&"","") | J47: =IFERROR(VLOOKUP($E47,'Lesson Bank'!$A:$L,5,FALSE),$E47)
A48: 46420 | B48: Tue | C48: Q3 | D48: =ROW()-1 | E48: U5-C1L4 | F48: =IFERROR(VLOOKUP($E48,'Lesson Bank'!$A:$L,3,FALSE)&"","") | G48: =IFERROR(VLOOKUP($E48,'Lesson Bank'!$A:$L,4,FALSE)&"","") | H48: =IFERROR(VLOOKUP($E48,'Lesson Bank'!$A:$L,6,FALSE)&"","") | I48: =IFERROR(VLOOKUP($E48,'Lesson Bank'!$A:$L,8,FALSE)&"","") | J48: =IFERROR(VLOOKUP($E48,'Lesson Bank'!$A:$L,5,FALSE),$E48)
A49: 46422 | B49: Thu | C49: Q3 | D49: =ROW()-1 | E49: U5-C1L5 | F49: =IFERROR(VLOOKUP($E49,'Lesson Bank'!$A:$L,3,FALSE)&"","") | G49: =IFERROR(VLOOKUP($E49,'Lesson Bank'!$A:$L,4,FALSE)&"","") | H49: =IFERROR(VLOOKUP($E49,'Lesson Bank'!$A:$L,6,FALSE)&"","") | I49: =IFERROR(VLOOKUP($E49,'Lesson Bank'!$A:$L,8,FALSE)&"","") | J49: =IFERROR(VLOOKUP($E49,'Lesson Bank'!$A:$L,5,FALSE),$E49)
A50: 46426 | B50: Mon | C50: Q3 | D50: =ROW()-1 | E50: LPA | F50: =IFERROR(VLOOKUP($E50,'Lesson Bank'!$A:$L,3,FALSE)&"","") | G50: =IFERROR(VLOOKUP($E50,'Lesson Bank'!$A:$L,4,FALSE)&"","") | H50: =IFERROR(VLOOKUP($E50,'Lesson Bank'!$A:$L,6,FALSE)&"","") | I50: =IFERROR(VLOOKUP($E50,'Lesson Bank'!$A:$L,8,FALSE)&"","") | J50: =IFERROR(VLOOKUP($E50,'Lesson Bank'!$A:$L,5,FALSE),$E50)
A51: 46428 | B51: Wed | C51: Q3 | D51: =ROW()-1 | E51: U5-C2L1 | F51: =IFERROR(VLOOKUP($E51,'Lesson Bank'!$A:$L,3,FALSE)&"","") | G51: =IFERROR(VLOOKUP($E51,'Lesson Bank'!$A:$L,4,FALSE)&"","") | H51: =IFERROR(VLOOKUP($E51,'Lesson Bank'!$A:$L,6,FALSE)&"","") | I51: =IFERROR(VLOOKUP($E51,'Lesson Bank'!$A:$L,8,FALSE)&"","") | J51: =IFERROR(VLOOKUP($E51,'Lesson Bank'!$A:$L,5,FALSE),$E51)
A52: 46430 | B52: Fri | C52: Q3 | D52: =ROW()-1 | E52: U5-C2L2 | F52: =IFERROR(VLOOKUP($E52,'Lesson Bank'!$A:$L,3,FALSE)&"","") | G52: =IFERROR(VLOOKUP($E52,'Lesson Bank'!$A:$L,4,FALSE)&"","") | H52: =IFERROR(VLOOKUP($E52,'Lesson Bank'!$A:$L,6,FALSE)&"","") | I52: =IFERROR(VLOOKUP($E52,'Lesson Bank'!$A:$L,8,FALSE)&"","") | J52: =IFERROR(VLOOKUP($E52,'Lesson Bank'!$A:$L,5,FALSE),$E52)
A53: 46435 | B53: Wed | C53: Q3 | D53: =ROW()-1 | E53: U5-C2L3 | F53: =IFERROR(VLOOKUP($E53,'Lesson Bank'!$A:$L,3,FALSE)&"","") | G53: =IFERROR(VLOOKUP($E53,'Lesson Bank'!$A:$L,4,FALSE)&"","") | H53: =IFERROR(VLOOKUP($E53,'Lesson Bank'!$A:$L,6,FALSE)&"","") | I53: =IFERROR(VLOOKUP($E53,'Lesson Bank'!$A:$L,8,FALSE)&"","") | J53: =IFERROR(VLOOKUP($E53,'Lesson Bank'!$A:$L,5,FALSE),$E53)
A54: 46437 | B54: Fri | C54: Q3 | D54: =ROW()-1 | E54: U5-C2L4 | F54: =IFERROR(VLOOKUP($E54,'Lesson Bank'!$A:$L,3,FALSE)&"","") | G54: =IFERROR(VLOOKUP($E54,'Lesson Bank'!$A:$L,4,FALSE)&"","") | H54: =IFERROR(VLOOKUP($E54,'Lesson Bank'!$A:$L,6,FALSE)&"","") | I54: =IFERROR(VLOOKUP($E54,'Lesson Bank'!$A:$L,8,FALSE)&"","") | J54: =IFERROR(VLOOKUP($E54,'Lesson Bank'!$A:$L,5,FALSE),$E54)
A55: 46441 | B55: Tue | C55: Q3 | D55: =ROW()-1 | E55: U5-C2L5 | F55: =IFERROR(VLOOKUP($E55,'Lesson Bank'!$A:$L,3,FALSE)&"","") | G55: =IFERROR(VLOOKUP($E55,'Lesson Bank'!$A:$L,4,FALSE)&"","") | H55: =IFERROR(VLOOKUP($E55,'Lesson Bank'!$A:$L,6,FALSE)&"","") | I55: =IFERROR(VLOOKUP($E55,'Lesson Bank'!$A:$L,8,FALSE)&"","") | J55: =IFERROR(VLOOKUP($E55,'Lesson Bank'!$A:$L,5,FALSE),$E55)
A56: 46443 | B56: Thu | C56: Q3 | D56: =ROW()-1 | E56: U5-C3L1 | F56: =IFERROR(VLOOKUP($E56,'Lesson Bank'!$A:$L,3,FALSE)&"","") | G56: =IFERROR(VLOOKUP($E56,'Lesson Bank'!$A:$L,4,FALSE)&"","") | H56: =IFERROR(VLOOKUP($E56,'Lesson Bank'!$A:$L,6,FALSE)&"","") | I56: =IFERROR(VLOOKUP($E56,'Lesson Bank'!$A:$L,8,FALSE)&"","") | J56: =IFERROR(VLOOKUP($E56,'Lesson Bank'!$A:$L,5,FALSE),$E56)
A57: 46447 | B57: Mon | C57: Q3 | D57: =ROW()-1 | E57: U5-C3L2 | F57: =IFERROR(VLOOKUP($E57,'Lesson Bank'!$A:$L,3,FALSE)&"","") | G57: =IFERROR(VLOOKUP($E57,'Lesson Bank'!$A:$L,4,FALSE)&"","") | H57: =IFERROR(VLOOKUP($E57,'Lesson Bank'!$A:$L,6,FALSE)&"","") | I57: =IFERROR(VLOOKUP($E57,'Lesson Bank'!$A:$L,8,FALSE)&"","") | J57: =IFERROR(VLOOKUP($E57,'Lesson Bank'!$A:$L,5,FALSE),$E57)
A58: 46449 | B58: Wed | C58: Q3 | D58: =ROW()-1 | E58: U5-C3L3 | F58: =IFERROR(VLOOKUP($E58,'Lesson Bank'!$A:$L,3,FALSE)&"","") | G58: =IFERROR(VLOOKUP($E58,'Lesson Bank'!$A:$L,4,FALSE)&"","") | H58: =IFERROR(VLOOKUP($E58,'Lesson Bank'!$A:$L,6,FALSE)&"","") | I58: =IFERROR(VLOOKUP($E58,'Lesson Bank'!$A:$L,8,FALSE)&"","") | J58: =IFERROR(VLOOKUP($E58,'Lesson Bank'!$A:$L,5,FALSE),$E58)
A59: 46451 | B59: Fri | C59: Q3 | D59: =ROW()-1 | E59: U5-C3L4 | F59: =IFERROR(VLOOKUP($E59,'Lesson Bank'!$A:$L,3,FALSE)&"","") | G59: =IFERROR(VLOOKUP($E59,'Lesson Bank'!$A:$L,4,FALSE)&"","") | H59: =IFERROR(VLOOKUP($E59,'Lesson Bank'!$A:$L,6,FALSE)&"","") | I59: =IFERROR(VLOOKUP($E59,'Lesson Bank'!$A:$L,8,FALSE)&"","") | J59: =IFERROR(VLOOKUP($E59,'Lesson Bank'!$A:$L,5,FALSE),$E59) | K59: Half day for students (family conferences)
A60: 46455 | B60: Tue | C60: Q3 | D60: =ROW()-1 | E60: Q3-MQ | F60: =IFERROR(VLOOKUP($E60,'Lesson Bank'!$A:$L,3,FALSE)&"","") | G60: =IFERROR(VLOOKUP($E60,'Lesson Bank'!$A:$L,4,FALSE)&"","") | H60: =IFERROR(VLOOKUP($E60,'Lesson Bank'!$A:$L,6,FALSE)&"","") | I60: =IFERROR(VLOOKUP($E60,'Lesson Bank'!$A:$L,8,FALSE)&"","") | J60: =IFERROR(VLOOKUP($E60,'Lesson Bank'!$A:$L,5,FALSE),$E60)
A61: 46457 | B61: Thu | C61: Q3 | D61: =ROW()-1 | E61: U5-C3L5 | F61: =IFERROR(VLOOKUP($E61,'Lesson Bank'!$A:$L,3,FALSE)&"","") | G61: =IFERROR(VLOOKUP($E61,'Lesson Bank'!$A:$L,4,FALSE)&"","") | H61: =IFERROR(VLOOKUP($E61,'Lesson Bank'!$A:$L,6,FALSE)&"","") | I61: =IFERROR(VLOOKUP($E61,'Lesson Bank'!$A:$L,8,FALSE)&"","") | J61: =IFERROR(VLOOKUP($E61,'Lesson Bank'!$A:$L,5,FALSE),$E61)
A62: 46461 | B62: Mon | C62: Q3 | D62: =ROW()-1 | E62: U5-C4L1 | F62: =IFERROR(VLOOKUP($E62,'Lesson Bank'!$A:$L,3,FALSE)&"","") | G62: =IFERROR(VLOOKUP($E62,'Lesson Bank'!$A:$L,4,FALSE)&"","") | H62: =IFERROR(VLOOKUP($E62,'Lesson Bank'!$A:$L,6,FALSE)&"","") | I62: =IFERROR(VLOOKUP($E62,'Lesson Bank'!$A:$L,8,FALSE)&"","") | J62: =IFERROR(VLOOKUP($E62,'Lesson Bank'!$A:$L,5,FALSE),$E62)
A63: 46463 | B63: Wed | C63: Q3 | D63: =ROW()-1 | E63: U5-C4L2 | F63: =IFERROR(VLOOKUP($E63,'Lesson Bank'!$A:$L,3,FALSE)&"","") | G63: =IFERROR(VLOOKUP($E63,'Lesson Bank'!$A:$L,4,FALSE)&"","") | H63: =IFERROR(VLOOKUP($E63,'Lesson Bank'!$A:$L,6,FALSE)&"","") | I63: =IFERROR(VLOOKUP($E63,'Lesson Bank'!$A:$L,8,FALSE)&"","") | J63: =IFERROR(VLOOKUP($E63,'Lesson Bank'!$A:$L,5,FALSE),$E63)
A64: 46465 | B64: Fri | C64: Q3 | D64: =ROW()-1 | E64: U5-C4L3 | F64: =IFERROR(VLOOKUP($E64,'Lesson Bank'!$A:$L,3,FALSE)&"","") | G64: =IFERROR(VLOOKUP($E64,'Lesson Bank'!$A:$L,4,FALSE)&"","") | H64: =IFERROR(VLOOKUP($E64,'Lesson Bank'!$A:$L,6,FALSE)&"","") | I64: =IFERROR(VLOOKUP($E64,'Lesson Bank'!$A:$L,8,FALSE)&"","") | J64: =IFERROR(VLOOKUP($E64,'Lesson Bank'!$A:$L,5,FALSE),$E64)
A65: 46469 | B65: Tue | C65: Q3 | D65: =ROW()-1 | E65: U5-C4L4 | F65: =IFERROR(VLOOKUP($E65,'Lesson Bank'!$A:$L,3,FALSE)&"","") | G65: =IFERROR(VLOOKUP($E65,'Lesson Bank'!$A:$L,4,FALSE)&"","") | H65: =IFERROR(VLOOKUP($E65,'Lesson Bank'!$A:$L,6,FALSE)&"","") | I65: =IFERROR(VLOOKUP($E65,'Lesson Bank'!$A:$L,8,FALSE)&"","") | J65: =IFERROR(VLOOKUP($E65,'Lesson Bank'!$A:$L,5,FALSE),$E65)
A66: 46471 | B66: Thu | C66: Q3 | D66: =ROW()-1 | E66: U5-C4L5 | F66: =IFERROR(VLOOKUP($E66,'Lesson Bank'!$A:$L,3,FALSE)&"","") | G66: =IFERROR(VLOOKUP($E66,'Lesson Bank'!$A:$L,4,FALSE)&"","") | H66: =IFERROR(VLOOKUP($E66,'Lesson Bank'!$A:$L,6,FALSE)&"","") | I66: =IFERROR(VLOOKUP($E66,'Lesson Bank'!$A:$L,8,FALSE)&"","") | J66: =IFERROR(VLOOKUP($E66,'Lesson Bank'!$A:$L,5,FALSE),$E66)
A67: 46475 | B67: Mon | C67: Q3 | D67: =ROW()-1 | E67: Q3-BM | F67: =IFERROR(VLOOKUP($E67,'Lesson Bank'!$A:$L,3,FALSE)&"","") | G67: =IFERROR(VLOOKUP($E67,'Lesson Bank'!$A:$L,4,FALSE)&"","") | H67: =IFERROR(VLOOKUP($E67,'Lesson Bank'!$A:$L,6,FALSE)&"","") | I67: =IFERROR(VLOOKUP($E67,'Lesson Bank'!$A:$L,8,FALSE)&"","") | J67: =IFERROR(VLOOKUP($E67,'Lesson Bank'!$A:$L,5,FALSE),$E67)
A68: 46477 | B68: Wed | C68: Q3 | D68: =ROW()-1 | E68: U5-C5L2 | F68: =IFERROR(VLOOKUP($E68,'Lesson Bank'!$A:$L,3,FALSE)&"","") | G68: =IFERROR(VLOOKUP($E68,'Lesson Bank'!$A:$L,4,FALSE)&"","") | H68: =IFERROR(VLOOKUP($E68,'Lesson Bank'!$A:$L,6,FALSE)&"","") | I68: =IFERROR(VLOOKUP($E68,'Lesson Bank'!$A:$L,8,FALSE)&"","") | J68: =IFERROR(VLOOKUP($E68,'Lesson Bank'!$A:$L,5,FALSE),$E68)
A69: 46479 | B69: Fri | C69: Q3 | D69: =ROW()-1 | E69: U5-C5L3 | F69: =IFERROR(VLOOKUP($E69,'Lesson Bank'!$A:$L,3,FALSE)&"","") | G69: =IFERROR(VLOOKUP($E69,'Lesson Bank'!$A:$L,4,FALSE)&"","") | H69: =IFERROR(VLOOKUP($E69,'Lesson Bank'!$A:$L,6,FALSE)&"","") | I69: =IFERROR(VLOOKUP($E69,'Lesson Bank'!$A:$L,8,FALSE)&"","") | J69: =IFERROR(VLOOKUP($E69,'Lesson Bank'!$A:$L,5,FALSE),$E69) | K69: Half day for students; last day of Q3
A70: 46491 | B70: Wed | C70: Q4 | D70: =ROW()-1 | E70: U6-C1L1 | F70: =IFERROR(VLOOKUP($E70,'Lesson Bank'!$A:$L,3,FALSE)&"","") | G70: =IFERROR(VLOOKUP($E70,'Lesson Bank'!$A:$L,4,FALSE)&"","") | H70: =IFERROR(VLOOKUP($E70,'Lesson Bank'!$A:$L,6,FALSE)&"","") | I70: =IFERROR(VLOOKUP($E70,'Lesson Bank'!$A:$L,8,FALSE)&"","") | J70: =IFERROR(VLOOKUP($E70,'Lesson Bank'!$A:$L,5,FALSE),$E70)
A71: 46493 | B71: Fri | C71: Q4 | D71: =ROW()-1 | E71: U6-C1L2 | F71: =IFERROR(VLOOKUP($E71,'Lesson Bank'!$A:$L,3,FALSE)&"","") | G71: =IFERROR(VLOOKUP($E71,'Lesson Bank'!$A:$L,4,FALSE)&"","") | H71: =IFERROR(VLOOKUP($E71,'Lesson Bank'!$A:$L,6,FALSE)&"","") | I71: =IFERROR(VLOOKUP($E71,'Lesson Bank'!$A:$L,8,FALSE)&"","") | J71: =IFERROR(VLOOKUP($E71,'Lesson Bank'!$A:$L,5,FALSE),$E71)
A72: 46497 | B72: Tue | C72: Q4 | D72: =ROW()-1 | E72: U6-C1L3 | F72: =IFERROR(VLOOKUP($E72,'Lesson Bank'!$A:$L,3,FALSE)&"","") | G72: =IFERROR(VLOOKUP($E72,'Lesson Bank'!$A:$L,4,FALSE)&"","") | H72: =IFERROR(VLOOKUP($E72,'Lesson Bank'!$A:$L,6,FALSE)&"","") | I72: =IFERROR(VLOOKUP($E72,'Lesson Bank'!$A:$L,8,FALSE)&"","") | J72: =IFERROR(VLOOKUP($E72,'Lesson Bank'!$A:$L,5,FALSE),$E72)
A73: 46499 | B73: Thu | C73: Q4 | D73: =ROW()-1 | E73: U6-C1L4 | F73: =IFERROR(VLOOKUP($E73,'Lesson Bank'!$A:$L,3,FALSE)&"","") | G73: =IFERROR(VLOOKUP($E73,'Lesson Bank'!$A:$L,4,FALSE)&"","") | H73: =IFERROR(VLOOKUP($E73,'Lesson Bank'!$A:$L,6,FALSE)&"","") | I73: =IFERROR(VLOOKUP($E73,'Lesson Bank'!$A:$L,8,FALSE)&"","") | J73: =IFERROR(VLOOKUP($E73,'Lesson Bank'!$A:$L,5,FALSE),$E73)
A74: 46503 | B74: Mon | C74: Q4 | D74: =ROW()-1 | E74: U6-C1L5 | F74: =IFERROR(VLOOKUP($E74,'Lesson Bank'!$A:$L,3,FALSE)&"","") | G74: =IFERROR(VLOOKUP($E74,'Lesson Bank'!$A:$L,4,FALSE)&"","") | H74: =IFERROR(VLOOKUP($E74,'Lesson Bank'!$A:$L,6,FALSE)&"","") | I74: =IFERROR(VLOOKUP($E74,'Lesson Bank'!$A:$L,8,FALSE)&"","") | J74: =IFERROR(VLOOKUP($E74,'Lesson Bank'!$A:$L,5,FALSE),$E74)
A75: 46505 | B75: Wed | C75: Q4 | D75: =ROW()-1 | E75: U6-C2L1 | F75: =IFERROR(VLOOKUP($E75,'Lesson Bank'!$A:$L,3,FALSE)&"","") | G75: =IFERROR(VLOOKUP($E75,'Lesson Bank'!$A:$L,4,FALSE)&"","") | H75: =IFERROR(VLOOKUP($E75,'Lesson Bank'!$A:$L,6,FALSE)&"","") | I75: =IFERROR(VLOOKUP($E75,'Lesson Bank'!$A:$L,8,FALSE)&"","") | J75: =IFERROR(VLOOKUP($E75,'Lesson Bank'!$A:$L,5,FALSE),$E75)
A76: 46507 | B76: Fri | C76: Q4 | D76: =ROW()-1 | E76: U6-C2L2 | F76: =IFERROR(VLOOKUP($E76,'Lesson Bank'!$A:$L,3,FALSE)&"","") | G76: =IFERROR(VLOOKUP($E76,'Lesson Bank'!$A:$L,4,FALSE)&"","") | H76: =IFERROR(VLOOKUP($E76,'Lesson Bank'!$A:$L,6,FALSE)&"","") | I76: =IFERROR(VLOOKUP($E76,'Lesson Bank'!$A:$L,8,FALSE)&"","") | J76: =IFERROR(VLOOKUP($E76,'Lesson Bank'!$A:$L,5,FALSE),$E76)
A77: 46511 | B77: Tue | C77: Q4 | D77: =ROW()-1 | E77: U6-C2L3 | F77: =IFERROR(VLOOKUP($E77,'Lesson Bank'!$A:$L,3,FALSE)&"","") | G77: =IFERROR(VLOOKUP($E77,'Lesson Bank'!$A:$L,4,FALSE)&"","") | H77: =IFERROR(VLOOKUP($E77,'Lesson Bank'!$A:$L,6,FALSE)&"","") | I77: =IFERROR(VLOOKUP($E77,'Lesson Bank'!$A:$L,8,FALSE)&"","") | J77: =IFERROR(VLOOKUP($E77,'Lesson Bank'!$A:$L,5,FALSE),$E77)
A78: 46513 | B78: Thu | C78: Q4 | D78: =ROW()-1 | E78: U6-C2L4 | F78: =IFERROR(VLOOKUP($E78,'Lesson Bank'!$A:$L,3,FALSE)&"","") | G78: =IFERROR(VLOOKUP($E78,'Lesson Bank'!$A:$L,4,FALSE)&"","") | H78: =IFERROR(VLOOKUP($E78,'Lesson Bank'!$A:$L,6,FALSE)&"","") | I78: =IFERROR(VLOOKUP($E78,'Lesson Bank'!$A:$L,8,FALSE)&"","") | J78: =IFERROR(VLOOKUP($E78,'Lesson Bank'!$A:$L,5,FALSE),$E78)
A79: 46517 | B79: Mon | C79: Q4 | D79: =ROW()-1 | E79: U7-C1L1 | F79: =IFERROR(VLOOKUP($E79,'Lesson Bank'!$A:$L,3,FALSE)&"","") | G79: =IFERROR(VLOOKUP($E79,'Lesson Bank'!$A:$L,4,FALSE)&"","") | H79: =IFERROR(VLOOKUP($E79,'Lesson Bank'!$A:$L,6,FALSE)&"","") | I79: =IFERROR(VLOOKUP($E79,'Lesson Bank'!$A:$L,8,FALSE)&"","") | J79: =IFERROR(VLOOKUP($E79,'Lesson Bank'!$A:$L,5,FALSE),$E79)
A80: 46519 | B80: Wed | C80: Q4 | D80: =ROW()-1 | E80: U7-C1L2+3 | F80: =IFERROR(VLOOKUP($E80,'Lesson Bank'!$A:$L,3,FALSE)&"","") | G80: =IFERROR(VLOOKUP($E80,'Lesson Bank'!$A:$L,4,FALSE)&"","") | H80: =IFERROR(VLOOKUP($E80,'Lesson Bank'!$A:$L,6,FALSE)&"","") | I80: =IFERROR(VLOOKUP($E80,'Lesson Bank'!$A:$L,8,FALSE)&"","") | J80: =IFERROR(VLOOKUP($E80,'Lesson Bank'!$A:$L,5,FALSE),$E80)
A81: 46521 | B81: Fri | C81: Q4 | D81: =ROW()-1 | E81: U7-C1L4 | F81: =IFERROR(VLOOKUP($E81,'Lesson Bank'!$A:$L,3,FALSE)&"","") | G81: =IFERROR(VLOOKUP($E81,'Lesson Bank'!$A:$L,4,FALSE)&"","") | H81: =IFERROR(VLOOKUP($E81,'Lesson Bank'!$A:$L,6,FALSE)&"","") | I81: =IFERROR(VLOOKUP($E81,'Lesson Bank'!$A:$L,8,FALSE)&"","") | J81: =IFERROR(VLOOKUP($E81,'Lesson Bank'!$A:$L,5,FALSE),$E81)
... A85: 46533 | B85: Wed | C85: Q4 | D85: =ROW()-1 | E85: U7-C2L2 | F85: =IFERROR(VLOOKUP($E85,'Lesson Bank'!$A:$L,3,FALSE)&"","") | G85: =IFERROR(VLOOKUP($E85,'Lesson Bank'!$A:$L,4,FALSE)&"","") | H85: =IFERROR(VLOOKUP($E85,'Lesson Bank'!$A:$L,6,FALSE)&"","") | I85: =IFERROR(VLOOKUP($E85,'Lesson Bank'!$A:$L,8,FALSE)&"","") | J85: =IFERROR(VLOOKUP($E85,'Lesson Bank'!$A:$L,5,FALSE),$E85)
A86: 46535 | B86: Fri | C86: Q4 | D86: =ROW()-1 | E86: U7-C2L3 | F86: =IFERROR(VLOOKUP($E86,'Lesson Bank'!$A:$L,3,FALSE)&"","") | G86: =IFERROR(VLOOKUP($E86,'Lesson Bank'!$A:$L,4,FALSE)&"","") | H86: =IFERROR(VLOOKUP($E86,'Lesson Bank'!$A:$L,6,FALSE)&"","") | I86: =IFERROR(VLOOKUP($E86,'Lesson Bank'!$A:$L,8,FALSE)&"","") | J86: =IFERROR(VLOOKUP($E86,'Lesson Bank'!$A:$L,5,FALSE),$E86) | K86: Half day for students
A87: 46540 | B87: Wed | C87: Q4 | D87: =ROW()-1 | E87: FLEX | F87: =IFERROR(VLOOKUP($E87,'Lesson Bank'!$A:$L,3,FALSE)&"","") | G87: =IFERROR(VLOOKUP($E87,'Lesson Bank'!$A:$L,4,FALSE)&"","") | H87: =IFERROR(VLOOKUP($E87,'Lesson Bank'!$A:$L,6,FALSE)&"","") | I87: =IFERROR(VLOOKUP($E87,'Lesson Bank'!$A:$L,8,FALSE)&"","") | J87: =IFERROR(VLOOKUP($E87,'Lesson Bank'!$A:$L,5,FALSE),$E87)
A88: 46542 | B88: Fri | C88: Q4 | D88: =ROW()-1 | E88: Q4-BM | F88: =IFERROR(VLOOKUP($E88,'Lesson Bank'!$A:$L,3,FALSE)&"","") | G88: =IFERROR(VLOOKUP($E88,'Lesson Bank'!$A:$L,4,FALSE)&"","") | H88: =IFERROR(VLOOKUP($E88,'Lesson Bank'!$A:$L,6,FALSE)&"","") | I88: =IFERROR(VLOOKUP($E88,'Lesson Bank'!$A:$L,8,FALSE)&"","") | J88: =IFERROR(VLOOKUP($E88,'Lesson Bank'!$A:$L,5,FALSE),$E88) | K88: Exam day (half day). Benchmark window has no other Purple class.

Sheet Gold
A1: Date | B1: Day | C1: Quarter | D1: Class # | E1: Lesson ID | F1: Unit | G1: Lesson | H1: Lesson focus | I1: Standards | J1: Calendar label | K1: Calendar notes | L1: My notes
A2: 46259 | B2: Tue | C2: Q1 | D2: =ROW()-1 | E2: U1-W1L1+2 | F2: =IFERROR(VLOOKUP($E2,'Lesson Bank'!$A:$L,3,FALSE)&"","") | G2: =IFERROR(VLOOKUP($E2,'Lesson Bank'!$A:$L,4,FALSE)&"","") | H2: =IFERROR(VLOOKUP($E2,'Lesson Bank'!$A:$L,6,FALSE)&"","") | I2: =IFERROR(VLOOKUP($E2,'Lesson Bank'!$A:$L,8,FALSE)&"","") | J2: =IFERROR(VLOOKUP($E2,'Lesson Bank'!$A:$L,5,FALSE),$E2)
A3: 46261 | B3: Thu | C3: Q1 | D3: =ROW()-1 | E3: U1-W2L1 | F3: =IFERROR(VLOOKUP($E3,'Lesson Bank'!$A:$L,3,FALSE)&"","") | G3: =IFERROR(VLOOKUP($E3,'Lesson Bank'!$A:$L,4,FALSE)&"","") | H3: =IFERROR(VLOOKUP($E3,'Lesson Bank'!$A:$L,6,FALSE)&"","") | I3: =IFERROR(VLOOKUP($E3,'Lesson Bank'!$A:$L,8,FALSE)&"","") | J3: =IFERROR(VLOOKUP($E3,'Lesson Bank'!$A:$L,5,FALSE),$E3)
A4: 46265 | B4: Mon | C4: Q1 | D4: =ROW()-1 | E4: U1-W2L2 | F4: =IFERROR(VLOOKUP($E4,'Lesson Bank'!$A:$L,3,FALSE)&"","") | G4: =IFERROR(VLOOKUP($E4,'Lesson Bank'!$A:$L,4,FALSE)&"","") | H4: =IFERROR(VLOOKUP($E4,'Lesson Bank'!$A:$L,6,FALSE)&"","") | I4: =IFERROR(VLOOKUP($E4,'Lesson Bank'!$A:$L,8,FALSE)&"","") | J4: =IFERROR(VLOOKUP($E4,'Lesson Bank'!$A:$L,5,FALSE),$E4)
A5: 46267 | B5: Wed | C5: Q1 | D5: =ROW()-1 | E5: U1-W2L3 | F5: =IFERROR(VLOOKUP($E5,'Lesson Bank'!$A:$L,3,FALSE)&"","") | G5: =IFERROR(VLOOKUP($E5,'Lesson Bank'!$A:$L,4,FALSE)&"","") | H5: =IFERROR(VLOOKUP($E5,'Lesson Bank'!$A:$L,6,FALSE)&"","") | I5: =IFERROR(VLOOKUP($E5,'Lesson Bank'!$A:$L,8,FALSE)&"","") | J5: =IFERROR(VLOOKUP($E5,'Lesson Bank'!$A:$L,5,FALSE),$E5)
A6: 46273 | B6: Tue | C6: Q1 | D6: =ROW()-1 | E6: U1-W3L1 | F6: =IFERROR(VLOOKUP($E6,'Lesson Bank'!$A:$L,3,FALSE)&"","") | G6: =IFERROR(VLOOKUP($E6,'Lesson Bank'!$A:$L,4,FALSE)&"","") | H6: =IFERROR(VLOOKUP($E6,'Lesson Bank'!$A:$L,6,FALSE)&"","") | I6: =IFERROR(VLOOKUP($E6,'Lesson Bank'!$A:$L,8,FALSE)&"","") | J6: =IFERROR(VLOOKUP($E6,'Lesson Bank'!$A:$L,5,FALSE),$E6)
A7: 46275 | B7: Thu | C7: Q1 | D7: =ROW()-1 | E7: U1-W3L2 | F7: =IFERROR(VLOOKUP($E7,'Lesson Bank'!$A:$L,3,FALSE)&"","") | G7: =IFERROR(VLOOKUP($E7,'Lesson Bank'!$A:$L,4,FALSE)&"","") | H7: =IFERROR(VLOOKUP($E7,'Lesson Bank'!$A:$L,6,FALSE)&"","") | I7: =IFERROR(VLOOKUP($E7,'Lesson Bank'!$A:$L,8,FALSE)&"","") | J7: =IFERROR(VLOOKUP($E7,'Lesson Bank'!$A:$L,5,FALSE),$E7)
A8: 46279 | B8: Mon | C8: Q1 | D8: =ROW()-1 | E8: U1-W4L1 | F8: =IFERROR(VLOOKUP($E8,'Lesson Bank'!$A:$L,3,FALSE)&"","") | G8: =IFERROR(VLOOKUP($E8,'Lesson Bank'!$A:$L,4,FALSE)&"","") | H8: =IFERROR(VLOOKUP($E8,'Lesson Bank'!$A:$L,6,FALSE)&"","") | I8: =IFERROR(VLOOKUP($E8,'Lesson Bank'!$A:$L,8,FALSE)&"","") | J8: =IFERROR(VLOOKUP($E8,'Lesson Bank'!$A:$L,5,FALSE),$E8)
A9: 46281 | B9: Wed | C9: Q1 | D9: =ROW()-1 | E9: U1-W4L2 | F9: =IFERROR(VLOOKUP($E9,'Lesson Bank'!$A:$L,3,FALSE)&"","") | G9: =IFERROR(VLOOKUP($E9,'Lesson Bank'!$A:$L,4,FALSE)&"","") | H9: =IFERROR(VLOOKUP($E9,'Lesson Bank'!$A:$L,6,FALSE)&"","") | I9: =IFERROR(VLOOKUP($E9,'Lesson Bank'!$A:$L,8,FALSE)&"","") | J9: =IFERROR(VLOOKUP($E9,'Lesson Bank'!$A:$L,5,FALSE),$E9)
A10: 46283 | B10: Fri | C10: Q1 | D10: =ROW()-1 | E10: U1-W4L3 | F10: =IFERROR(VLOOKUP($E10,'Lesson Bank'!$A:$L,3,FALSE)&"","") | G10: =IFERROR(VLOOKUP($E10,'Lesson Bank'!$A:$L,4,FALSE)&"","") | H10: =IFERROR(VLOOKUP($E10,'Lesson Bank'!$A:$L,6,FALSE)&"","") | I10: =IFERROR(VLOOKUP($E10,'Lesson Bank'!$A:$L,8,FALSE)&"","") | J10: =IFERROR(VLOOKUP($E10,'Lesson Bank'!$A:$L,5,FALSE),$E10)
A11: 46287 | B11: Tue | C11: Q1 | D11: =ROW()-1 | E11: U1-W5L1 | F11: =IFERROR(VLOOKUP($E11,'Lesson Bank'!$A:$L,3,FALSE)&"","") | G11: =IFERROR(VLOOKUP($E11,'Lesson Bank'!$A:$L,4,FALSE)&"","") | H11: =IFERROR(VLOOKUP($E11,'Lesson Bank'!$A:$L,6,FALSE)&"","") | I11: =IFERROR(VLOOKUP($E11,'Lesson Bank'!$A:$L,8,FALSE)&"","") | J11: =IFERROR(VLOOKUP($E11,'Lesson Bank'!$A:$L,5,FALSE),$E11)
A12: 46289 | B12: Thu | C12: Q1 | D12: =ROW()-1 | E12: Q1-MQ | F12: =IFERROR(VLOOKUP($E12,'Lesson Bank'!$A:$L,3,FALSE)&"","") | G12: =IFERROR(VLOOKUP($E12,'Lesson Bank'!$A:$L,4,FALSE)&"","") | H12: =IFERROR(VLOOKUP($E12,'Lesson Bank'!$A:$L,6,FALSE)&"","") | I12: =IFERROR(VLOOKUP($E12,'Lesson Bank'!$A:$L,8,FALSE)&"","") | J12: =IFERROR(VLOOKUP($E12,'Lesson Bank'!$A:$L,5,FALSE),$E12)
A13: 46293 | B13: Mon | C13: Q1 | D13: =ROW()-1 | E13: U1-W5L2 | F13: =IFERROR(VLOOKUP($E13,'Lesson Bank'!$A:$L,3,FALSE)&"","") | G13: =IFERROR(VLOOKUP($E13,'Lesson Bank'!$A:$L,4,FALSE)&"","") | H13: =IFERROR(VLOOKUP($E13,'Lesson Bank'!$A:$L,6,FALSE)&"","") | I13: =IFERROR(VLOOKUP($E13,'Lesson Bank'!$A:$L,8,FALSE)&"","") | J13: =IFERROR(VLOOKUP($E13,'Lesson Bank'!$A:$L,5,FALSE),$E13)
... A24: 46324 | B24: Thu | C24: Q1 | D24: =ROW()-1 | E24: Q1-BM | F24: =IFERROR(VLOOKUP($E24,'Lesson Bank'!$A:$L,3,FALSE)&"","") | G24: =IFERROR(VLOOKUP($E24,'Lesson Bank'!$A:$L,4,FALSE)&"","") | H24: =IFERROR(VLOOKUP($E24,'Lesson Bank'!$A:$L,6,FALSE)&"","") | I24: =IFERROR(VLOOKUP($E24,'Lesson Bank'!$A:$L,8,FALSE)&"","") | J24: =IFERROR(VLOOKUP($E24,'Lesson Bank'!$A:$L,5,FALSE),$E24)
A25: 46328 | B25: Mon | C25: Q1 | D25: =ROW()-1 | E25: U3-C1L1 | F25: =IFERROR(VLOOKUP($E25,'Lesson Bank'!$A:$L,3,FALSE)&"","") | G25: =IFERROR(VLOOKUP($E25,'Lesson Bank'!$A:$L,4,FALSE)&"","") | H25: =IFERROR(VLOOKUP($E25,'Lesson Bank'!$A:$L,6,FALSE)&"","") | I25: =IFERROR(VLOOKUP($E25,'Lesson Bank'!$A:$L,8,FALSE)&"","") | J25: =IFERROR(VLOOKUP($E25,'Lesson Bank'!$A:$L,5,FALSE),$E25) | K25: Last day of Q1
A26: 46331 | B26: Thu | C26: Q2 | D26: =ROW()-1 | E26: U3-C1L2 | F26: =IFERROR(VLOOKUP($E26,'Lesson Bank'!$A:$L,3,FALSE)&"","") | G26: =IFERROR(VLOOKUP($E26,'Lesson Bank'!$A:$L,4,FALSE)&"","") | H26: =IFERROR(VLOOKUP($E26,'Lesson Bank'!$A:$L,6,FALSE)&"","") | I26: =IFERROR(VLOOKUP($E26,'Lesson Bank'!$A:$L,8,FALSE)&"","") | J26: =IFERROR(VLOOKUP($E26,'Lesson Bank'!$A:$L,5,FALSE),$E26)
A27: 46335 | B27: Mon | C27: Q2 | D27: =ROW()-1 | E27: U3-C1L3 | F27: =IFERROR(VLOOKUP($E27,'Lesson Bank'!$A:$L,3,FALSE)&"","") | G27: =IFERROR(VLOOKUP($E27,'Lesson Bank'!$A:$L,4,FALSE)&"","") | H27: =IFERROR(VLOOKUP($E27,'Lesson Bank'!$A:$L,6,FALSE)&"","") | I27: =IFERROR(VLOOKUP($E27,'Lesson Bank'!$A:$L,8,FALSE)&"","") | J27: =IFERROR(VLOOKUP($E27,'Lesson Bank'!$A:$L,5,FALSE),$E27)
A28: 46337 | B28: Wed | C28: Q2 | D28: =ROW()-1 | E28: U3-C1L4 | F28: =IFERROR(VLOOKUP($E28,'Lesson Bank'!$A:$L,3,FALSE)&"","") | G28: =IFERROR(VLOOKUP($E28,'Lesson Bank'!$A:$L,4,FALSE)&"","") | H28: =IFERROR(VLOOKUP($E28,'Lesson Bank'!$A:$L,6,FALSE)&"","") | I28: =IFERROR(VLOOKUP($E28,'Lesson Bank'!$A:$L,8,FALSE)&"","") | J28: =IFERROR(VLOOKUP($E28,'Lesson Bank'!$A:$L,5,FALSE),$E28)
A29: 46339 | B29: Fri | C29: Q2 | D29: =ROW()-1 | E29: U3-C1L5 | F29: =IFERROR(VLOOKUP($E29,'Lesson Bank'!$A:$L,3,FALSE)&"","") | G29: =IFERROR(VLOOKUP($E29,'Lesson Bank'!$A:$L,4,FALSE)&"","") | H29: =IFERROR(VLOOKUP($E29,'Lesson Bank'!$A:$L,6,FALSE)&"","") | I29: =IFERROR(VLOOKUP($E29,'Lesson Bank'!$A:$L,8,FALSE)&"","") | J29: =IFERROR(VLOOKUP($E29,'Lesson Bank'!$A:$L,5,FALSE),$E29)
A30: 46343 | B30: Tue | C30: Q2 | D30: =ROW()-1 | E30: U3-C2L1 | F30: =IFERROR(VLOOKUP($E30,'Lesson Bank'!$A:$L,3,FALSE)&"","") | G30: =IFERROR(VLOOKUP($E30,'Lesson Bank'!$A:$L,4,FALSE)&"","") | H30: =IFERROR(VLOOKUP($E30,'Lesson Bank'!$A:$L,6,FALSE)&"","") | I30: =IFERROR(VLOOKUP($E30,'Lesson Bank'!$A:$L,8,FALSE)&"","") | J30: =IFERROR(VLOOKUP($E30,'Lesson Bank'!$A:$L,5,FALSE),$E30)
A31: 46345 | B31: Thu | C31: Q2 | D31: =ROW()-1 | E31: U3-C2L2 | F31: =IFERROR(VLOOKUP($E31,'Lesson Bank'!$A:$L,3,FALSE)&"","") | G31: =IFERROR(VLOOKUP($E31,'Lesson Bank'!$A:$L,4,FALSE)&"","") | H31: =IFERROR(VLOOKUP($E31,'Lesson Bank'!$A:$L,6,FALSE)&"","") | I31: =IFERROR(VLOOKUP($E31,'Lesson Bank'!$A:$L,8,FALSE)&"","") | J31: =IFERROR(VLOOKUP($E31,'Lesson Bank'!$A:$L,5,FALSE),$E31)
A32: 46349 | B32: Mon | C32: Q2 | D32: =ROW()-1 | E32: U3-C2L3 | F32: =IFERROR(VLOOKUP($E32,'Lesson Bank'!$A:$L,3,FALSE)&"","") | G32: =IFERROR(VLOOKUP($E32,'Lesson Bank'!$A:$L,4,FALSE)&"","") | H32: =IFERROR(VLOOKUP($E32,'Lesson Bank'!$A:$L,6,FALSE)&"","") | I32: =IFERROR(VLOOKUP($E32,'Lesson Bank'!$A:$L,8,FALSE)&"","") | J32: =IFERROR(VLOOKUP($E32,'Lesson Bank'!$A:$L,5,FALSE),$E32)
A33: 46356 | B33: Mon | C33: Q2 | D33: =ROW()-1 | E33: U3-C2L4 | F33: =IFERROR(VLOOKUP($E33,'Lesson Bank'!$A:$L,3,FALSE)&"","") | G33: =IFERROR(VLOOKUP($E33,'Lesson Bank'!$A:$L,4,FALSE)&"","") | H33: =IFERROR(VLOOKUP($E33,'Lesson Bank'!$A:$L,6,FALSE)&"","") | I33: =IFERROR(VLOOKUP($E33,'Lesson Bank'!$A:$L,8,FALSE)&"","") | J33: =IFERROR(VLOOKUP($E33,'Lesson Bank'!$A:$L,5,FALSE),$E33)
A34: 46358 | B34: Wed | C34: Q2 | D34: =ROW()-1 | E34: U3-C2L5 | F34: =IFERROR(VLOOKUP($E34,'Lesson Bank'!$A:$L,3,FALSE)&"","") | G34: =IFERROR(VLOOKUP($E34,'Lesson Bank'!$A:$L,4,FALSE)&"","") | H34: =IFERROR(VLOOKUP($E34,'Lesson Bank'!$A:$L,6,FALSE)&"","") | I34: =IFERROR(VLOOKUP($E34,'Lesson Bank'!$A:$L,8,FALSE)&"","") | J34: =IFERROR(VLOOKUP($E34,'Lesson Bank'!$A:$L,5,FALSE),$E34)
A35: 46360 | B35: Fri | C35: Q2 | D35: =ROW()-1 | E35: U3-C3L1 | F35: =IFERROR(VLOOKUP($E35,'Lesson Bank'!$A:$L,3,FALSE)&"","") | G35: =IFERROR(VLOOKUP($E35,'Lesson Bank'!$A:$L,4,FALSE)&"","") | H35: =IFERROR(VLOOKUP($E35,'Lesson Bank'!$A:$L,6,FALSE)&"","") | I35: =IFERROR(VLOOKUP($E35,'Lesson Bank'!$A:$L,8,FALSE)&"","") | J35: =IFERROR(VLOOKUP($E35,'Lesson Bank'!$A:$L,5,FALSE),$E35)
A36: 46364 | B36: Tue | C36: Q2 | D36: =ROW()-1 | E36: Q2-MQ | F36: =IFERROR(VLOOKUP($E36,'Lesson Bank'!$A:$L,3,FALSE)&"","") | G36: =IFERROR(VLOOKUP($E36,'Lesson Bank'!$A:$L,4,FALSE)&"","") | H36: =IFERROR(VLOOKUP($E36,'Lesson Bank'!$A:$L,6,FALSE)&"","") | I36: =IFERROR(VLOOKUP($E36,'Lesson Bank'!$A:$L,8,FALSE)&"","") | J36: =IFERROR(VLOOKUP($E36,'Lesson Bank'!$A:$L,5,FALSE),$E36)
A37: 46366 | B37: Thu | C37: Q2 | D37: =ROW()-1 | E37: U4-C1L1 | F37: =IFERROR(VLOOKUP($E37,'Lesson Bank'!$A:$L,3,FALSE)&"","") | G37: =IFERROR(VLOOKUP($E37,'Lesson Bank'!$A:$L,4,FALSE)&"","") | H37: =IFERROR(VLOOKUP($E37,'Lesson Bank'!$A:$L,6,FALSE)&"","") | I37: =IFERROR(VLOOKUP($E37,'Lesson Bank'!$A:$L,8,FALSE)&"","") | J37: =IFERROR(VLOOKUP($E37,'Lesson Bank'!$A:$L,5,FALSE),$E37)
... A44: 46401 | B44: Thu | C44: Q2 | D44: =ROW()-1 | E44: U5-C1L1 | F44: =IFERROR(VLOOKUP($E44,'Lesson Bank'!$A:$L,3,FALSE)&"","") | G44: =IFERROR(VLOOKUP($E44,'Lesson Bank'!$A:$L,4,FALSE)&"","") | H44: =IFERROR(VLOOKUP($E44,'Lesson Bank'!$A:$L,6,FALSE)&"","") | I44: =IFERROR(VLOOKUP($E44,'Lesson Bank'!$A:$L,8,FALSE)&"","") | J44: =IFERROR(VLOOKUP($E44,'Lesson Bank'!$A:$L,5,FALSE),$E44)
A45: 46406 | B45: Tue | C45: Q2 | D45: =ROW()-1 | E45: Q2-BM | F45: =IFERROR(VLOOKUP($E45,'Lesson Bank'!$A:$L,3,FALSE)&"","") | G45: =IFERROR(VLOOKUP($E45,'Lesson Bank'!$A:$L,4,FALSE)&"","") | H45: =IFERROR(VLOOKUP($E45,'Lesson Bank'!$A:$L,6,FALSE)&"","") | I45: =IFERROR(VLOOKUP($E45,'Lesson Bank'!$A:$L,8,FALSE)&"","") | J45: =IFERROR(VLOOKUP($E45,'Lesson Bank'!$A:$L,5,FALSE),$E45) | K45: Last class day before semester exams
A46: 46415 | B46: Thu | C46: Q3 | D46: =ROW()-1 | E46: U5-C1L2 | F46: =IFERROR(VLOOKUP($E46,'Lesson Bank'!$A:$L,3,FALSE)&"","") | G46: =IFERROR(VLOOKUP($E46,'Lesson Bank'!$A:$L,4,FALSE)&"","") | H46: =IFERROR(VLOOKUP($E46,'Lesson Bank'!$A:$L,6,FALSE)&"","") | I46: =IFERROR(VLOOKUP($E46,'Lesson Bank'!$A:$L,8,FALSE)&"","") | J46: =IFERROR(VLOOKUP($E46,'Lesson Bank'!$A:$L,5,FALSE),$E46)
A47: 46419 | B47: Mon | C47: Q3 | D47: =ROW()-1 | E47: U5-C1L3 | F47: =IFERROR(VLOOKUP($E47,'Lesson Bank'!$A:$L,3,FALSE)&"","") | G47: =IFERROR(VLOOKUP($E47,'Lesson Bank'!$A:$L,4,FALSE)&"","") | H47: =IFERROR(VLOOKUP($E47,'Lesson Bank'!$A:$L,6,FALSE)&"","") | I47: =IFERROR(VLOOKUP($E47,'Lesson Bank'!$A:$L,8,FALSE)&"","") | J47: =IFERROR(VLOOKUP($E47,'Lesson Bank'!$A:$L,5,FALSE),$E47)
A48: 46421 | B48: Wed | C48: Q3 | D48: =ROW()-1 | E48: U5-C1L4 | F48: =IFERROR(VLOOKUP($E48,'Lesson Bank'!$A:$L,3,FALSE)&"","") | G48: =IFERROR(VLOOKUP($E48,'Lesson Bank'!$A:$L,4,FALSE)&"","") | H48: =IFERROR(VLOOKUP($E48,'Lesson Bank'!$A:$L,6,FALSE)&"","") | I48: =IFERROR(VLOOKUP($E48,'Lesson Bank'!$A:$L,8,FALSE)&"","") | J48: =IFERROR(VLOOKUP($E48,'Lesson Bank'!$A:$L,5,FALSE),$E48)
A49: 46423 | B49: Fri | C49: Q3 | D49: =ROW()-1 | E49: U5-C1L5 | F49: =IFERROR(VLOOKUP($E49,'Lesson Bank'!$A:$L,3,FALSE)&"","") | G49: =IFERROR(VLOOKUP($E49,'Lesson Bank'!$A:$L,4,FALSE)&"","") | H49: =IFERROR(VLOOKUP($E49,'Lesson Bank'!$A:$L,6,FALSE)&"","") | I49: =IFERROR(VLOOKUP($E49,'Lesson Bank'!$A:$L,8,FALSE)&"","") | J49: =IFERROR(VLOOKUP($E49,'Lesson Bank'!$A:$L,5,FALSE),$E49)
A50: 46427 | B50: Tue | C50: Q3 | D50: =ROW()-1 | E50: LPA | F50: =IFERROR(VLOOKUP($E50,'Lesson Bank'!$A:$L,3,FALSE)&"","") | G50: =IFERROR(VLOOKUP($E50,'Lesson Bank'!$A:$L,4,FALSE)&"","") | H50: =IFERROR(VLOOKUP($E50,'Lesson Bank'!$A:$L,6,FALSE)&"","") | I50: =IFERROR(VLOOKUP($E50,'Lesson Bank'!$A:$L,8,FALSE)&"","") | J50: =IFERROR(VLOOKUP($E50,'Lesson Bank'!$A:$L,5,FALSE),$E50)
A51: 46429 | B51: Thu | C51: Q3 | D51: =ROW()-1 | E51: U5-C2L1 | F51: =IFERROR(VLOOKUP($E51,'Lesson Bank'!$A:$L,3,FALSE)&"","") | G51: =IFERROR(VLOOKUP($E51,'Lesson Bank'!$A:$L,4,FALSE)&"","") | H51: =IFERROR(VLOOKUP($E51,'Lesson Bank'!$A:$L,6,FALSE)&"","") | I51: =IFERROR(VLOOKUP($E51,'Lesson Bank'!$A:$L,8,FALSE)&"","") | J51: =IFERROR(VLOOKUP($E51,'Lesson Bank'!$A:$L,5,FALSE),$E51)
A52: 46434 | B52: Tue | C52: Q3 | D52: =ROW()-1 | E52: U5-C2L2 | F52: =IFERROR(VLOOKUP($E52,'Lesson Bank'!$A:$L,3,FALSE)&"","") | G52: =IFERROR(VLOOKUP($E52,'Lesson Bank'!$A:$L,4,FALSE)&"","") | H52: =IFERROR(VLOOKUP($E52,'Lesson Bank'!$A:$L,6,FALSE)&"","") | I52: =IFERROR(VLOOKUP($E52,'Lesson Bank'!$A:$L,8,FALSE)&"","") | J52: =IFERROR(VLOOKUP($E52,'Lesson Bank'!$A:$L,5,FALSE),$E52)
A53: 46436 | B53: Thu | C53: Q3 | D53: =ROW()-1 | E53: U5-C2L3 | F53: =IFERROR(VLOOKUP($E53,'Lesson Bank'!$A:$L,3,FALSE)&"","") | G53: =IFERROR(VLOOKUP($E53,'Lesson Bank'!$A:$L,4,FALSE)&"","") | H53: =IFERROR(VLOOKUP($E53,'Lesson Bank'!$A:$L,6,FALSE)&"","") | I53: =IFERROR(VLOOKUP($E53,'Lesson Bank'!$A:$L,8,FALSE)&"","") | J53: =IFERROR(VLOOKUP($E53,'Lesson Bank'!$A:$L,5,FALSE),$E53)
A54: 46440 | B54: Mon | C54: Q3 | D54: =ROW()-1 | E54: U5-C2L4 | F54: =IFERROR(VLOOKUP($E54,'Lesson Bank'!$A:$L,3,FALSE)&"","") | G54: =IFERROR(VLOOKUP($E54,'Lesson Bank'!$A:$L,4,FALSE)&"","") | H54: =IFERROR(VLOOKUP($E54,'Lesson Bank'!$A:$L,6,FALSE)&"","") | I54: =IFERROR(VLOOKUP($E54,'Lesson Bank'!$A:$L,8,FALSE)&"","") | J54: =IFERROR(VLOOKUP($E54,'Lesson Bank'!$A:$L,5,FALSE),$E54)
A55: 46442 | B55: Wed | C55: Q3 | D55: =ROW()-1 | E55: U5-C2L5 | F55: =IFERROR(VLOOKUP($E55,'Lesson Bank'!$A:$L,3,FALSE)&"","") | G55: =IFERROR(VLOOKUP($E55,'Lesson Bank'!$A:$L,4,FALSE)&"","") | H55: =IFERROR(VLOOKUP($E55,'Lesson Bank'!$A:$L,6,FALSE)&"","") | I55: =IFERROR(VLOOKUP($E55,'Lesson Bank'!$A:$L,8,FALSE)&"","") | J55: =IFERROR(VLOOKUP($E55,'Lesson Bank'!$A:$L,5,FALSE),$E55)
A56: 46444 | B56: Fri | C56: Q3 | D56: =ROW()-1 | E56: U5-C3L1 | F56: =IFERROR(VLOOKUP($E56,'Lesson Bank'!$A:$L,3,FALSE)&"","") | G56: =IFERROR(VLOOKUP($E56,'Lesson Bank'!$A:$L,4,FALSE)&"","") | H56: =IFERROR(VLOOKUP($E56,'Lesson Bank'!$A:$L,6,FALSE)&"","") | I56: =IFERROR(VLOOKUP($E56,'Lesson Bank'!$A:$L,8,FALSE)&"","") | J56: =IFERROR(VLOOKUP($E56,'Lesson Bank'!$A:$L,5,FALSE),$E56)
A57: 46448 | B57: Tue | C57: Q3 | D57: =ROW()-1 | E57: U5-C3L2 | F57: =IFERROR(VLOOKUP($E57,'Lesson Bank'!$A:$L,3,FALSE)&"","") | G57: =IFERROR(VLOOKUP($E57,'Lesson Bank'!$A:$L,4,FALSE)&"","") | H57: =IFERROR(VLOOKUP($E57,'Lesson Bank'!$A:$L,6,FALSE)&"","") | I57: =IFERROR(VLOOKUP($E57,'Lesson Bank'!$A:$L,8,FALSE)&"","") | J57: =IFERROR(VLOOKUP($E57,'Lesson Bank'!$A:$L,5,FALSE),$E57)
... A68: 46478 | B68: Thu | C68: Q3 | D68: =ROW()-1 | E68: U5-C5L2 | F68: =IFERROR(VLOOKUP($E68,'Lesson Bank'!$A:$L,3,FALSE)&"","") | G68: =IFERROR(VLOOKUP($E68,'Lesson Bank'!$A:$L,4,FALSE)&"","") | H68: =IFERROR(VLOOKUP($E68,'Lesson Bank'!$A:$L,6,FALSE)&"","") | I68: =IFERROR(VLOOKUP($E68,'Lesson Bank'!$A:$L,8,FALSE)&"","") | J68: =IFERROR(VLOOKUP($E68,'Lesson Bank'!$A:$L,5,FALSE),$E68)
A69: 46490 | B69: Tue | C69: Q4 | D69: =ROW()-1 | E69: U5-C5L3 | F69: =IFERROR(VLOOKUP($E69,'Lesson Bank'!$A:$L,3,FALSE)&"","") | G69: =IFERROR(VLOOKUP($E69,'Lesson Bank'!$A:$L,4,FALSE)&"","") | H69: =IFERROR(VLOOKUP($E69,'Lesson Bank'!$A:$L,6,FALSE)&"","") | I69: =IFERROR(VLOOKUP($E69,'Lesson Bank'!$A:$L,8,FALSE)&"","") | J69: =IFERROR(VLOOKUP($E69,'Lesson Bank'!$A:$L,5,FALSE),$E69) | K69: First day of Q4
A70: 46492 | B70: Thu | C70: Q4 | D70: =ROW()-1 | E70: U6-C1L1 | F70: =IFERROR(VLOOKUP($E70,'Lesson Bank'!$A:$L,3,FALSE)&"","") | G70: =IFERROR(VLOOKUP($E70,'Lesson Bank'!$A:$L,4,FALSE)&"","") | H70: =IFERROR(VLOOKUP($E70,'Lesson Bank'!$A:$L,6,FALSE)&"","") | I70: =IFERROR(VLOOKUP($E70,'Lesson Bank'!$A:$L,8,FALSE)&"","") | J70: =IFERROR(VLOOKUP($E70,'Lesson Bank'!$A:$L,5,FALSE),$E70)
A71: 46496 | B71: Mon | C71: Q4 | D71: =ROW()-1 | E71: U6-C1L2 | F71: =IFERROR(VLOOKUP($E71,'Lesson Bank'!$A:$L,3,FALSE)&"","") | G71: =IFERROR(VLOOKUP($E71,'Lesson Bank'!$A:$L,4,FALSE)&"","") | H71: =IFERROR(VLOOKUP($E71,'Lesson Bank'!$A:$L,6,FALSE)&"","") | I71: =IFERROR(VLOOKUP($E71,'Lesson Bank'!$A:$L,8,FALSE)&"","") | J71: =IFERROR(VLOOKUP($E71,'Lesson Bank'!$A:$L,5,FALSE),$E71)
A72: 46498 | B72: Wed | C72: Q4 | D72: =ROW()-1 | E72: U6-C1L3 | F72: =IFERROR(VLOOKUP($E72,'Lesson Bank'!$A:$L,3,FALSE)&"","") | G72: =IFERROR(VLOOKUP($E72,'Lesson Bank'!$A:$L,4,FALSE)&"","") | H72: =IFERROR(VLOOKUP($E72,'Lesson Bank'!$A:$L,6,FALSE)&"","") | I72: =IFERROR(VLOOKUP($E72,'Lesson Bank'!$A:$L,8,FALSE)&"","") | J72: =IFERROR(VLOOKUP($E72,'Lesson Bank'!$A:$L,5,FALSE),$E72)
A73: 46500 | B73: Fri | C73: Q4 | D73: =ROW()-1 | E73: U6-C1L4 | F73: =IFERROR(VLOOKUP($E73,'Lesson Bank'!$A:$L,3,FALSE)&"","") | G73: =IFERROR(VLOOKUP($E73,'Lesson Bank'!$A:$L,4,FALSE)&"","") | H73: =IFERROR(VLOOKUP($E73,'Lesson Bank'!$A:$L,6,FALSE)&"","") | I73: =IFERROR(VLOOKUP($E73,'Lesson Bank'!$A:$L,8,FALSE)&"","") | J73: =IFERROR(VLOOKUP($E73,'Lesson Bank'!$A:$L,5,FALSE),$E73)
A74: 46504 | B74: Tue | C74: Q4 | D74: =ROW()-1 | E74: U6-C1L5 | F74: =IFERROR(VLOOKUP($E74,'Lesson Bank'!$A:$L,3,FALSE)&"","") | G74: =IFERROR(VLOOKUP($E74,'Lesson Bank'!$A:$L,4,FALSE)&"","") | H74: =IFERROR(VLOOKUP($E74,'Lesson Bank'!$A:$L,6,FALSE)&"","") | I74: =IFERROR(VLOOKUP($E74,'Lesson Bank'!$A:$L,8,FALSE)&"","") | J74: =IFERROR(VLOOKUP($E74,'Lesson Bank'!$A:$L,5,FALSE),$E74)
A75: 46506 | B75: Thu | C75: Q4 | D75: =ROW()-1 | E75: U6-C2L1 | F75: =IFERROR(VLOOKUP($E75,'Lesson Bank'!$A:$L,3,FALSE)&"","") | G75: =IFERROR(VLOOKUP($E75,'Lesson Bank'!$A:$L,4,FALSE)&"","") | H75: =IFERROR(VLOOKUP($E75,'Lesson Bank'!$A:$L,6,FALSE)&"","") | I75: =IFERROR(VLOOKUP($E75,'Lesson Bank'!$A:$L,8,FALSE)&"","") | J75: =IFERROR(VLOOKUP($E75,'Lesson Bank'!$A:$L,5,FALSE),$E75)
A76: 46510 | B76: Mon | C76: Q4 | D76: =ROW()-1 | E76: U6-C2L2 | F76: =IFERROR(VLOOKUP($E76,'Lesson Bank'!$A:$L,3,FALSE)&"","") | G76: =IFERROR(VLOOKUP($E76,'Lesson Bank'!$A:$L,4,FALSE)&"","") | H76: =IFERROR(VLOOKUP($E76,'Lesson Bank'!$A:$L,6,FALSE)&"","") | I76: =IFERROR(VLOOKUP($E76,'Lesson Bank'!$A:$L,8,FALSE)&"","") | J76: =IFERROR(VLOOKUP($E76,'Lesson Bank'!$A:$L,5,FALSE),$E76)
A77: 46512 | B77: Wed | C77: Q4 | D77: =ROW()-1 | E77: U6-C2L3 | F77: =IFERROR(VLOOKUP($E77,'Lesson Bank'!$A:$L,3,FALSE)&"","") | G77: =IFERROR(VLOOKUP($E77,'Lesson Bank'!$A:$L,4,FALSE)&"","") | H77: =IFERROR(VLOOKUP($E77,'Lesson Bank'!$A:$L,6,FALSE)&"","") | I77: =IFERROR(VLOOKUP($E77,'Lesson Bank'!$A:$L,8,FALSE)&"","") | J77: =IFERROR(VLOOKUP($E77,'Lesson Bank'!$A:$L,5,FALSE),$E77)
A78: 46514 | B78: Fri | C78: Q4 | D78: =ROW()-1 | E78: U6-C2L4 | F78: =IFERROR(VLOOKUP($E78,'Lesson Bank'!$A:$L,3,FALSE)&"","") | G78: =IFERROR(VLOOKUP($E78,'Lesson Bank'!$A:$L,4,FALSE)&"","") | H78: =IFERROR(VLOOKUP($E78,'Lesson Bank'!$A:$L,6,FALSE)&"","") | I78: =IFERROR(VLOOKUP($E78,'Lesson Bank'!$A:$L,8,FALSE)&"","") | J78: =IFERROR(VLOOKUP($E78,'Lesson Bank'!$A:$L,5,FALSE),$E78)
A79: 46518 | B79: Tue | C79: Q4 | D79: =ROW()-1 | E79: U7-C1L1 | F79: =IFERROR(VLOOKUP($E79,'Lesson Bank'!$A:$L,3,FALSE)&"","") | G79: =IFERROR(VLOOKUP($E79,'Lesson Bank'!$A:$L,4,FALSE)&"","") | H79: =IFERROR(VLOOKUP($E79,'Lesson Bank'!$A:$L,6,FALSE)&"","") | I79: =IFERROR(VLOOKUP($E79,'Lesson Bank'!$A:$L,8,FALSE)&"","") | J79: =IFERROR(VLOOKUP($E79,'Lesson Bank'!$A:$L,5,FALSE),$E79)
A80: 46520 | B80: Thu | C80: Q4 | D80: =ROW()-1 | E80: U7-C1L2+3 | F80: =IFERROR(VLOOKUP($E80,'Lesson Bank'!$A:$L,3,FALSE)&"","") | G80: =IFERROR(VLOOKUP($E80,'Lesson Bank'!$A:$L,4,FALSE)&"","") | H80: =IFERROR(VLOOKUP($E80,'Lesson Bank'!$A:$L,6,FALSE)&"","") | I80: =IFERROR(VLOOKUP($E80,'Lesson Bank'!$A:$L,8,FALSE)&"","") | J80: =IFERROR(VLOOKUP($E80,'Lesson Bank'!$A:$L,5,FALSE),$E80)
A81: 46524 | B81: Mon | C81: Q4 | D81: =ROW()-1 | E81: Q4-MQ | F81: =IFERROR(VLOOKUP($E81,'Lesson Bank'!$A:$L,3,FALSE)&"","") | G81: =IFERROR(VLOOKUP($E81,'Lesson Bank'!$A:$L,4,FALSE)&"","") | H81: =IFERROR(VLOOKUP($E81,'Lesson Bank'!$A:$L,6,FALSE)&"","") | I81: =IFERROR(VLOOKUP($E81,'Lesson Bank'!$A:$L,8,FALSE)&"","") | J81: =IFERROR(VLOOKUP($E81,'Lesson Bank'!$A:$L,5,FALSE),$E81)
... A86: 46539 | B86: Tue | C86: Q4 | D86: =ROW()-1 | E86: U7-C2L3 | F86: =IFERROR(VLOOKUP($E86,'Lesson Bank'!$A:$L,3,FALSE)&"","") | G86: =IFERROR(VLOOKUP($E86,'Lesson Bank'!$A:$L,4,FALSE)&"","") | H86: =IFERROR(VLOOKUP($E86,'Lesson Bank'!$A:$L,6,FALSE)&"","") | I86: =IFERROR(VLOOKUP($E86,'Lesson Bank'!$A:$L,8,FALSE)&"","") | J86: =IFERROR(VLOOKUP($E86,'Lesson Bank'!$A:$L,5,FALSE),$E86)
A87: 46541 | B87: Thu | C87: Q4 | D87: =ROW()-1 | E87: Q4-BM | F87: =IFERROR(VLOOKUP($E87,'Lesson Bank'!$A:$L,3,FALSE)&"","") | G87: =IFERROR(VLOOKUP($E87,'Lesson Bank'!$A:$L,4,FALSE)&"","") | H87: =IFERROR(VLOOKUP($E87,'Lesson Bank'!$A:$L,6,FALSE)&"","") | I87: =IFERROR(VLOOKUP($E87,'Lesson Bank'!$A:$L,8,FALSE)&"","") | J87: =IFERROR(VLOOKUP($E87,'Lesson Bank'!$A:$L,5,FALSE),$E87) | K87: Last regular class day

Sheet Assessments
A1: Assessment | B1: Window start | C1: Window end | D1: Purple date | E1: Gold date | F1: Planned near (unit guide) | H1: Exam or test date | I1: Exam shown on calendar
A2: Q1 English 9 Mid-Quarter (MQ) | B2: 46288 | C2: 46301 | D2: 46288 | E2: 46289 | F2: U1 W4L2: Learn key elements to evaluate clarity and accuracy in infor | H2: 46407 | I2: Midyear exams: Math, Sci, Soc. St.
A3: Q1 English 9 Benchmark | B3: 46323 | C3: 46337 | D3: 46323 | E3: 46324 | F3: U2 C3L1: Use my rough draft and my notes to type a final draft of my | H3: 46408 | I3: Midyear exams: Math, Sci, Soc. St.
A4: Q2 English 9 Mid-Quarter (MQ) | B4: 46363 | C4: 46374 | D4: 46363 | E4: 46364 | F4: U3 C2L5: Learn poetic devices, then read and annotate “Siren Song” by | H4: 46409 | I4: Midyear exams: Math, Sci, Soc. St.
A5: Q2 English 9 Benchmark | B5: 46406 | C5: 46421 | D5: 46414 | E5: 46406 | F5: U4 C2L1: Read and analyze The Scarlet Ibis to determine the impact of | H5: 46526 | I5: Reading SOL
A6: LPA (Grades 9-11) | B6: 46426 | C6: 46430 | D6: 46426 | E6: 46427 | H6: 46527 | I6: History SOL
A7: Q3 English 9 Mid-Quarter (MQ) | B7: 46442 | C7: 46455 | D7: 46455 | E7: 46454 | F7: U5 C4L1: Explain how characters advance the plot and themes in a nove | H7: 46532 | I7: Math SOL
A8: Q3 English 9 Benchmark | B8: 46475 | C8: 46496 | D8: 46475 | E8: 46476 | F8: U5 C5L2: Examine and analyze the characteristics of literature that c | H8: 46533 | I8: Science SOL
A9: Q4 English 9 Mid-Quarter (MQ) | B9: 46524 | C9: 46535 | D9: 46525 | E9: 46524 | F9: U6 C2L4: Plan and organize my writing. | H9: 46542 | I9: Final exams: Math, Sci, Soc. St.
A10: Q4 English 9 Benchmark | B10: 46541 | C10: 46554 | D10: 46542 | E10: 46541 | F10: U7 C2L3: Engage in reading, writing, research, and discussion to exam | H10: 46545 | I10: Final exams: Math, Sci, Soc. St.
H11: 46546 | I11: Final exams: Math, Sci, Soc. St.
A12: Other testing that may pull students (from the NNPS testing calendar)
A13: LPA (Grade 9 retake) | B13: 11/16/2026 | C13: 11/20/2026 | H13: Edit or add rows here and the Year at a Glance tab updates. The testing calendar does not say which subject is on which exam day; type the subject once the exam schedule is out.
A14: Fall SOL non-writing | B14: 11/30/2026 | C14: 12/11/2026
A15: WIDA | B15: 1/11/2027 | C15: 3/19/2027
A16: Expedited retakes, all content | B16: 6/1/2027 | C16: 6/4/2027
